check,error,tolerance,passed
query_grid_final,0.0,1e-12,True
independent_augmented_expm,5.204170427930421e-18,1e-12,True
initial_value,0.0,1e-12,True
prefix_target_poison_refit,0.0,0.0,True
prefix_target_poison_profile,0.0,0.0,True
unknown_future_command_poison,0.0,0.0,True
unknown_retained_delay_expm,0.0,1e-12,True
reject_complex,0.0,0.0,True
reject_wrong_unit,0.0,0.0,True
reject_outside,0.0,0.0,True
reject_unordered_weights,0.0,0.0,True
reject_beyond_input_support,0.0,0.0,True
reject_reversed_box,0.0,0.0,True
