time_s,state_u,state_v,state_w,state_p,state_q,state_r,state_phi,state_theta,state_psi,state_collectiveActuator,state_cyclicActuator,state_elevatorActuator,state_hUp,cmd_collectiveCommand,cmd_cyclicLongCommand,cmd_elevatorCommand,out_q,out_theta,out_wBody,out_verticalVelocityUp,out_inertialAccelerationDown,out_specificForceBodyZ,out_thrustLeft,out_thrustRight,out_viLeft,out_viRight,out_FxAeroProp,out_FzAeroProp,out_My,out_hUp,targetViLeft,targetViRight
0,0,0,0,0,0,0,0,0,0,0.292683210286591,0,0,0,0.292683210286591,0,0,0,0,0,0,2.43553949985653e-09,-9.80664999756446,30226.5587764223,30226.5587764223,16.4912197195242,16.4912197195242,-0.551541170891438,-58839.8999853868,0.413655878168578,0,16.4912197064669,16.4912197064669
0.05,-4.59872510348386e-06,-9.96424500989654e-18,-2.38461180694467e-10,-5.25787361399194e-17,6.89656489598371e-07,1.21633025167106e-18,-5.25588521093526e-19,1.72394949447347e-08,1.66372016240351e-20,0.292683210286591,0,0,2.96188360358659e-12,0.292683210286591,0,0,6.89656489598371e-07,1.72394949447347e-08,-2.38461180694467e-10,2.38381900996293e-10,-1.19540526792658e-08,-9.80665001195564,30226.5587762315,30226.5587762315,16.4912197193526,16.4912197193526,-0.551476619458981,-58839.9000717338,0.413931984026493,2.96188360358659e-12,16.4912197062953,16.4912197062953
0.1,-9.2138201149944e-06,-9.59540772864514e-18,-1.19476626218421e-09,-1.15362234315117e-16,1.37977378475942e-06,1.01475407872895e-18,-3.84211518923499e-18,6.89733281999585e-08,6.88067097796676e-20,0.292683210286591,0,0,3.57929675604651e-11,0.292683210286591,0,0,1.37977378475942e-06,6.89733281999585e-08,-1.19476626218421e-09,1.19413075434544e-09,-2.62671678420143e-08,-9.80665002627353,30226.5587756871,30226.5587756871,16.4912197187247,16.4912197187247,-0.551411728463115,-58839.9001576412,0.414208998316682,3.57929675604651e-11,16.4912197056674,16.4912197056674
0.15,-1.38621999920629e-05,2.19554875260339e-19,-2.86677700161741e-09,-7.3668483778543e-17,2.0703541670439e-06,2.38399939398617e-18,-9.37532407063321e-18,1.55224590686361e-07,1.49522707821634e-19,0.292683210286591,0,0,1.34286054988023e-10,0.292683210286591,0,0,2.0703541670439e-06,1.55224590686361e-07,-2.86677700161741e-09,2.8646252472976e-09,-4.05518546455028e-08,-9.80665004056623,30226.5587747897,30226.5587747897,16.4912197176419,16.4912197176419,-0.551346122460056,-58839.9002433974,0.414487842131113,1.34286054988023e-10,16.4912197045846,16.4912197045846
0.2,-1.85607879194169e-05,-6.02480866796507e-18,-5.25475892132821e-09,-6.45056956900242e-17,2.76140145358718e-06,3.20773807265872e-19,-1.30456872066689e-17,2.76016525788487e-07,2.23942038860869e-19,0.292683210286591,0,0,3.34162775514778e-10,0.292683210286591,0,0,2.76140145358718e-06,2.76016525788487e-07,-5.25475892132821e-09,5.2496358371306e-09,-5.4855715620531e-08,-9.80665005488145,30226.5587735392,30226.5587735392,16.4912197161039,16.4912197161039,-0.551279425885144,-58839.9003292887,0.414769437067938,3.34162775514778e-10,16.4912197030466,16.4912197030466
0.25,-2.3326515401566e-05,-4.44270311402611e-18,-8.36136604508939e-09,-2.97192809417162e-17,3.45292099794955e-06,3.33551464242924e-18,-1.57468961756293e-17,4.31372606154703e-07,3.31539039167718e-19,0.292683210286591,0,0,6.71192622327497e-10,0.292683210286591,0,0,3.45292099794955e-06,4.31372606154703e-07,-8.36136604508939e-09,8.35130362534733e-09,-6.9225972510461e-08,-9.80665006926651,30226.5587719339,30226.5587719339,16.491219714109,16.491219714109,-0.551211263058287,-58839.9004155991,0.415054705242692,6.71192622327497e-10,16.4912197010517,16.4912197010517
0.3,-2.8176322393077e-05,-9.56217995550806e-18,-1.21916261105514e-08,-5.35731757807305e-17,4.14491969098436e-06,1.94950029083567e-18,-1.7296776582904e-17,6.21316610540109e-07,5.30434206889622e-19,0.292683210286591,0,0,1.18131098256992e-09,0.292683210286591,0,0,4.14491969098436e-06,6.21316610540109e-07,-1.21916261105514e-08,1.21741196934223e-08,-8.37094103408025e-08,-9.80665008376837,30226.5587699713,30226.5587699713,16.4912197116538,16.4912197116538,-0.551141258177186,-58839.9005026102,0.415344569293224,1.18131098256992e-09,16.4912196985965,16.4912196985965
0.35,-3.31271574665187e-05,-1.85233292909818e-17,-1.67529253917294e-08,-4.12428151507322e-17,4.83740596172206e-06,3.59246528849176e-18,-1.94591492994459e-17,8.45872700693182e-07,6.96902804783235e-19,0.292683210286591,0,0,1.90073611201309e-09,0.292683210286591,0,0,4.83740596172206e-06,8.45872700693182e-07,-1.67529253917294e-08,1.6724904033571e-08,-9.83524003072435e-08,-9.8066500984336,30226.5587676474,30226.5587676474,16.4912197087335,16.4912197087335,-0.551069035318736,-58839.9005906016,0.415639952393654,1.90073611201309e-09,16.4912196956762,16.4912196956763
0.4,-3.81959780180159e-05,-2.01127416380246e-17,-2.2054994584662e-08,3.98093373944944e-17,5.53038977826318e-06,7.96290878833412e-18,-2.07645640358661e-17,1.10506549828687e-06,9.43950400891833e-19,0.292683210286591,0,0,2.86608506643703e-09,0.292683210286591,0,0,5.53038977826318e-06,1.10506549828687e-06,-2.2054994584662e-08,2.20127855271676e-08,-1.13200923870812e-07,-9.80665011330839,30226.5587649573,30226.5587649573,16.491219705342,16.491219705342,-0.550994218421006,-58839.9006798503,0.415941778256668,2.86608506643703e-09,16.4912196922847,16.4912196922847
0.45,-4.33997505105314e-05,-3.4548184721148e-17,-2.81098942199954e-08,-7.9747672070179e-17,6.22388264869938e-06,6.630457757177e-18,-2.19991060698581e-17,1.39892016189506e-06,1.29782179557259e-18,0.292683210286591,0,0,4.11448864505652e-09,0.292683210286591,0,0,6.22388264869938e-06,1.39892016189506e-06,-2.81098942199954e-08,2.80491814339575e-08,-1.28300537426086e-07,-9.80665012843858,30226.5587618949,30226.5587618949,16.4912197014713,16.4912197014713,-0.550916431293055,-58839.9007706315,0.416250971159587,4.11448864505652e-09,16.491219688414,16.491219688414
0.5,-4.87554507548283e-05,-5.0808018314697e-17,-3.49320005868332e-08,-1.28194922023791e-16,6.91789762205684e-06,3.45598783884164e-18,-2.66462088330871e-17,1.72746246401559e-06,1.58163848710454e-18,0.292683210286591,0,0,5.68370529617766e-09,0.29617386879058,0,0,6.91789762205684e-06,1.72746246401559e-06,-3.49320005868332e-08,3.4847777375686e-08,-1.43696413359222e-07,-9.80665014386964,30226.5587584528,30226.5587584528,16.4912196971122,16.4912196971122,-0.550835297596685,-58839.9008632178,0.416568455952301,5.68370529617766e-09,16.4912196840549,16.4912196840549
0.55,-5.43384715894894e-05,-6.87274849166209e-17,-0.00230975947864738,-1.37377080683863e-16,7.6212782955965e-06,2.76944590187437e-18,-3.26205195960259e-17,2.09087328291008e-06,1.75344530785454e-18,0.294305453925973,0,0,4.04600557255257e-05,0.29617386879058,0,0,7.6212782955965e-06,2.09087328291008e-06,-0.00230975947864738,0.00230975936502747,-0.0835494875294928,-9.89019948774748,30484.8247851807,30484.8247851807,16.5603683225683,16.5603683225683,-0.563498231410657,-59341.1969264849,0.426503426537944,4.04600557255257e-05,16.5603683078153,16.5603683078153
0.6,-6.01838126527926e-05,-8.92857432942519e-17,-0.00770318057817586,-1.82200998473615e-16,8.33714322013675e-06,2.28571639257415e-18,-4.06187703059271e-17,2.48979582504984e-06,1.86995535778722e-18,0.295173778414631,0,0,0.000281694249044623,0.29617386879058,0,0,8.33714322013675e-06,2.48979582504984e-06,-0.00770318057817586,0.00770318042830658,-0.127473311761272,-9.93412331202854,30620.7792641776,30620.7792641776,16.5945610025831,16.5945610025831,-0.569869649832336,-59604.7398721712,0.432008875699062,0.000281694249044623,16.5945609874729,16.5945609874729
0.65,-6.62662984772662e-05,-1.14102181872677e-16,-0.0147092177839532,-1.9415075155967e-16,9.0600357581518e-06,1.07404282570094e-18,-5.01267219033822e-17,2.92470331126387e-06,1.91474288781104e-18,0.295638559015998,0,0,0.000837291724366901,0.29617386879058,0,0,9.0600357581518e-06,2.92470331126387e-06,-0.0147092177839532,0.014709217590081,-0.150250626402401,-9.95690062672397,30691.4573119191,30691.4573119191,16.6102041247146,16.6102041247146,-0.572339193255088,-59741.4037603438,0.435193888833677,0.000837291724366901,16.6102041097075,16.6102041097075
0.7,-7.25760874402362e-05,-1.39385474593712e-16,-0.022542398799711,-1.96308012798203e-16,9.78715707297754e-06,6.74493986927102e-19,-5.96315400038241e-17,3.39586910889474e-06,1.96853078485182e-18,0.295887338147636,0,0,0.00176620783527594,0.29617386879058,0,0,9.78715707297754e-06,3.39586910889474e-06,-0.022542398799711,0.0225423985531221,-0.161731365203601,-9.96838136558494,30727.2626456349,30727.2626456349,16.6159801066527,16.6159801066527,-0.572212495990512,-59810.2881935096,0.43722328452348,0.00176620783527594,16.6159800919296,16.6159800919296
0.75,-7.91118754385868e-05,-1.63900038985908e-16,-0.0307830476926454,-1.75296770163997e-16,1.05171589488008e-05,3.57566036738556e-18,-6.88085309995966e-17,3.90346661568989e-06,2.0864211079962e-18,0.296020499995072,0,0,0.00309821908421776,0.29617386879058,0,0,1.05171589488008e-05,3.90346661568989e-06,-0.0307830476926454,0.0307830473836003,-0.167175843557495,-9.97382584400446,30744.4328348884,30744.4328348884,16.6165080325726,16.6165080325726,-0.570226182883543,-59842.9550640267,0.438725322959053,0.00309821908421776,16.6165080182092,16.6165080182092
0.8,-8.58772440233341e-05,-1.93719080189673e-16,-0.0392069421812484,-1.48833050806639e-16,1.12494702424907e-05,5.16157620594376e-18,-7.5867165119637e-17,4.44762327645725e-06,2.30862096640424e-18,0.296091776485533,0,0,0.00484751127663265,0.29617386879058,0,0,1.12494702424907e-05,4.44762327645725e-06,-0.0392069421812484,0.0392069417989109,-0.16939627342368,-9.9760462739425,30751.6487981125,30751.6487981125,16.6142522195433,16.6142522195433,-0.56680485683968,-59856.277643655,0.440034086857849,0.00484751127663265,16.6142522055703,16.6142522055703
0.85,-9.28786358245647e-05,-2.35685095905634e-16,-0.0476943821943901,-2.18578049493948e-16,1.19839309544169e-05,2.90868211799255e-18,-8.64270369479889e-17,5.02844935009531e-06,2.53735762264842e-18,0.296129928005044,0,0,0.00701994276997654,0.29617386879058,0,0,1.19839309544169e-05,5.02844935009531e-06,-0.0476943821943901,0.0476943817267516,-0.169896921996396,-9.97654692259369,30753.5540508374,30753.5540508374,16.6105293180261,16.6105293180261,-0.562198290861254,-59859.2815355621,0.441325258761458,0.00701994276997654,16.6105293044529,16.6105293044529
0.9,-0.000100124216372603,-2.72069851371954e-16,-0.0561815850532715,-9.21794624043483e-17,1.27205961306025e-05,8.21826979552734e-18,-9.52571787409847e-17,5.64605305436752e-06,2.83297915937803e-18,0.296150348824435,0,0,0.00961692959156412,0.29617386879058,0,0,1.27205961306025e-05,5.64605305436752e-06,-0.0561815850532715,0.0561815844870694,-0.169482666897752,-9.97613266758049,30752.6331772979,30752.6331772979,16.6060432934807,16.6060432934807,-0.556557364420239,-59856.7960054829,0.442690049988764,0.00961692959156412,16.6060432803064,16.6060432803064
0.95,-0.000107623231385556,-3.18279910789085e-16,-0.0646346860675007,-1.37402930189237e-16,1.34596315573014e-05,4.32855172772792e-18,-1.0099575558458e-16,6.3005484381321e-06,3.14149840858891e-18,0.29616127967489,0,0,0.0126375243699605,0.29617386879058,0,0,1.34596315573014e-05,6.3005484381321e-06,-0.0646346860675007,0.0646346853881324,-0.168584264554226,-9.97523426532974,30750.2158848753,30750.2158848753,16.6011706488252,16.6011706488252,-0.549976807455163,-59851.4055919785,0.444174874869972,0.0126375243699605,16.6011706360437,16.6011706360437
1,-0.00011538564461146,-3.6336357892499e-16,-0.0730358393467131,-2.95618233218605e-17,1.42012585757328e-05,8.15884598372713e-18,-1.0370155373418e-16,6.99205938977075e-06,3.54469556620405e-18,0.29616713024451,0,0,0.01607952786473,0.29617386879058,0,0,1.42012585757328e-05,6.99205938977075e-06,-0.0730358393467131,0.0730358385381445,-0.167432163850378,-9.97408216472641,30747.0135477604,30747.0135477604,16.5961126368773,16.5961126368773,-0.542519376309076,-59844.4929883585,0.445802461620665,0.01607952786473,16.5961126244799,16.5961126244799
1.05,-0.000123421933597041,-4.09683237560554e-16,-0.0813757618715831,1.54628882091222e-17,1.49457248946855e-05,9.69801550355867e-18,-1.04963362473382e-16,7.72072161139819e-06,4.00198556019138e-18,0.296170261795236,0,0,0.0199400851956678,0.29617386879058,0,0,1.49457248946855e-05,7.72072161139819e-06,-0.0813757618715831,0.0813757609162513,-0.166149723609773,-9.97279972459445,30743.4069611374,30743.4069611374,16.5909768370121,16.5909768370121,-0.534229611374909,-59836.7983475667,0.447583071596522,0.0199400851956678,16.590976824989,16.590976824989
1.1,-0.000131742976177371,-4.69147845474289e-16,-0.0896497567108934,-1.00224773427936e-16,1.5693289286629e-05,7.75279596159482e-18,-1.05628289832964e-16,8.48668351206198e-06,4.44353717222072e-18,0.29617193803887,0,0,0.024216003778768,0.29617386879058,0,0,1.5693289286629e-05,8.48668351206198e-06,-0.0896497567108934,0.089649755589604,-0.16480292624556,-9.97145292734744,30739.5998034444,30739.5998034444,16.5858206458864,16.5858206458864,-0.525141591962116,-59828.7175640846,0.449520417036913,0.024216003778768,16.5858206342272,16.5858206342272
1.15,-0.00014035998755626,-5.09516111550282e-16,-0.0978555795078631,-1.08870989635479e-16,1.64442135581268e-05,7.84143087996105e-18,-1.10853611447748e-16,9.29010653864274e-06,4.81193436792839e-18,0.296172835288465,0,0,0.0289039238073998,0.29617386879058,0,0,1.64442135581268e-05,9.29010653864274e-06,-0.0978555795078631,0.0978555781996811,-0.163427047114938,-9.97007704834302,30735.7009628114,30735.7009628114,16.5806746047882,16.5806746047882,-0.51528333407976,-59820.4622900581,0.451614794832446,0.0289039238073998,16.5806745934826,16.5806745934826
1.2,-0.000149284486082559,-5.61076743876144e-16,-0.105992296284006,-7.30068719535836e-17,1.71987583800301e-05,1.33406356413356e-17,-1.15254446547268e-16,1.01311652121549e-05,5.29966885190902e-18,0.296173315572569,0,0,0.034000409428141,0.29617386879058,0,0,1.71987583800301e-05,1.01311652121549e-05,-0.105992296284006,0.10599229476614,-0.162040931810871,-9.96869093317463,30731.7686101109,30731.7686101109,16.5755548870728,16.5755548870728,-0.504679272460951,-59812.1455990478,0.453864741298498,0.034000409428141,16.5755548761104,16.5755548761104
1.25,-0.000158528275202393,-6.13771912024164e-16,-0.11405967273483,2.08199608646876e-17,1.79571811576341e-05,1.62928671849257e-17,-1.18485226759104e-16,1.10100470116206e-05,5.95862385898822e-18,0.296173572661367,0,0,0.039501997396721,0.29617386879058,0,0,1.79571811576341e-05,1.10100470116206e-05,-0.11405967273483,0.114059670982513,-0.160654629844096,-9.96730463135352,30727.8337636381,30727.8337636381,16.5704699748072,16.5704699748072,-0.493351656513149,-59803.8277881211,0.456267904361016,0.039501997396721,16.5704699641778,16.5704699641778
1.3,-0.000168103434427668,-6.62086094016828e-16,-0.122057847139512,1.14502760949653e-16,1.87197349738092e-05,1.7099307449349e-17,-1.16865908148981e-16,1.19269521812238e-05,6.7965039817838e-18,0.296173710277102,0,0,0.0454052230445696,0.29617386879058,0,0,1.87197349738092e-05,1.19269521812238e-05,-0.122057847139512,0.122057845125869,-0.159273483271854,-9.96592348493747,30723.912910443,30723.9129104429,16.5654242348769,16.5654242348769,-0.48132133655823,-59795.5409096248,0.458821503617151,0.0454052230445696,16.5654242245708,16.5654242245708
1.35,-0.000178022315341748,-7.22333545589287e-16,-0.129987155352592,3.39805032789511e-17,1.94866680984109e-05,1.73389778855674e-17,-1.10928327134129e-16,1.28820935002506e-05,7.65920643772936e-18,0.296173783940719,0,0,0.0517066340790057,0.29617386879058,0,0,1.94866680984109e-05,1.28820935002506e-05,-0.129987155352592,0.129987153048506,-0.157900314395339,-9.96455031622825,30720.0147596077,30720.0147596077,16.5604198325107,16.5604198325107,-0.468608206314299,-59787.3018973695,0.461522572480506,0.0517066340790057,16.5604198225183,16.5604198225183
1.4,-0.000188297540391352,-7.80350159226628e-16,-0.137848037129465,-3.92895167962842e-17,2.02582237953438e-05,1.55671192154762e-17,-1.11060133332695e-16,1.38756960367357e-05,8.42093721504694e-18,0.296173823371736,0,0,0.058402797877227,0.29617386879058,0,0,2.02582237953438e-05,1.38756960367357e-05,-0.137848037129465,0.137848034503436,-0.156536596843624,-9.96318659885553,30716.1438573032,30716.1438573032,16.5554577556347,16.5554577556347,-0.455231452767922,-59779.1195931332,0.464368085413028,0.058402797877227,16.5554577459468,16.5554577459468
1.45,-0.000198942003207661,-8.28841976259947e-16,-0.145640985990281,9.75790457079392e-17,2.10346402857808e-05,1.90649808476092e-17,-1.10155942855538e-16,1.49079968957853e-05,9.33401000843641e-18,0.296173844478561,0,0,0.0654903052979111,0.29617386879058,0,0,2.10346402857808e-05,1.49079968957853e-05,-0.145640985990281,0.14564098300827,-0.155183082461937,-9.96183308466519,30712.3025219457,30712.3025219457,16.5505383632333,16.5505383632333,-0.441209698216404,-59770.9985079912,0.467355024509188,0.0654903052979111,16.5505383538409,16.5505383538409
1.5,-0.000209968869754592,-8.85660256620141e-16,-0.153366522390223,1.09217813339828e-16,2.1816150792878e-05,1.74544129509159e-17,-1.04967142678725e-16,1.59792449683193e-05,1.02493211172506e-17,0.296173855776725,0,0,0.0729657726290959,0.29617386879058,0,0,2.1816150792878e-05,1.59792449683193e-05,-0.153366522390223,0.153366519015499,-0.153840136889574,-9.96049013929723,30708.491880098,30708.4918800981,16.5456616788967,16.5456616788967,-0.426561082079118,-59762.9408357834,0.470480414095065,0.0729657726290959,16.5456616697913,16.5456616697913
1.55,-0.000221391579913309,-9.4227115901135e-16,-0.161025179365899,8.47570639782658e-17,2.26029836285862e-05,1.61170789916384e-17,-1.00079492978067e-16,1.70897006832181e-05,1.11688594714475e-17,0.296173861824461,0,0,0.0808258425388218,0.29617386879058,0,0,2.26029836285862e-05,1.70897006832181e-05,-0.161025179365899,0.161025175558869,-0.152507919197821,-9.95915792182365,30704.7124209927,30704.7124209927,16.5408275479597,16.5408275479597,-0.411303309087093,-59754.9475309419,0.473741338443329,0.0808258425388218,16.5408275391328,16.5408275391327
1.6,-0.000233223849286066,-9.93499499666374e-16,-0.168617494860315,1.40186398384634e-16,2.33953623017827e-05,1.73140974317523e-17,-9.40484055622073e-17,1.82396357644052e-05,1.19811250077833e-17,0.296173865061722,0,0,0.0890671844923728,0.29617386879058,0,0,2.33953623017827e-05,1.82396357644052e-05,-0.168617494860315,0.168617490578349,-0.151186478052188,-9.95783648091075,30700.9642933712,30700.9642933712,16.5360357216144,16.5360357216144,-0.395453678730873,-59747.0188854645,0.47713495058594,0.0890671844923728,16.5360357130579,16.5360357130579
1.65,-0.000245479671099676,-1.0419423142839e-15,-0.176144007622979,2.23399695290891e-16,2.41935056367808e-05,2.06215995399155e-17,-8.59688499831912e-17,1.94293329936274e-05,1.29015153488799e-17,0.296173866794579,0,0,0.0976864948844118,0.29617386879058,0,0,2.41935056367808e-05,1.94293329936274e-05,-0.176144007622979,0.176144002820225,-0.149875803189644,-9.95652580629631,30697.2474643832,30697.2474643832,16.5312859019323,16.5312859019323,-0.379029104276989,-59739.1548377779,0.480658476448635,0.0976864948844118,16.5312858936384,16.5312858936384
1.7,-0.000258173318142923,-1.08072369606118e-15,-0.183605255023845,2.87009523424236e-16,2.49976278964467e-05,2.48779055296427e-17,-7.21609367601711e-17,2.06590859792929e-05,1.39878703124731e-17,0.296173867722151,0,0,0.106680497018929,0.29617386879058,0,0,2.49976278964467e-05,2.06590859792929e-05,-0.183605255023845,0.183605249651039,-0.148575852975556,-9.95522585634658,30693.5618046462,30693.5618046462,16.5265777659574,16.5265777659574,-0.36204612594341,-59731.3551380795,0.484309216511244,0.106680497018929,16.5265777579185,16.5265777579185
1.75,-0.000271319344702282,-1.11409680664293e-15,-0.191001771891799,2.40933716894367e-16,2.58079389068849e-05,2.20185092980372e-17,-5.76750937487379e-17,2.19291989315141e-05,1.51916217122511e-17,0.296173868218666,0,0,0.116045941008158,0.29617386879058,0,0,2.58079389068849e-05,2.19291989315141e-05,-0.191001771891799,0.191001765896057,-0.147286569156028,-9.95393657280858,30689.9071337772,30689.9071337772,16.5219109785969,16.5219109785969,-0.344520920812432,-59723.6194368515,0.488084546177719,0.116045941008158,16.5219109708057,16.5219109708057
1.8,-0.000284932588477169,-1.14013075480506e-15,-0.198334089901615,2.81121724798965e-16,2.66246441821244e-05,2.36660029701637e-17,-4.58391229358658e-17,2.32399864433885e-05,1.63251339065368e-17,0.296173868484443,0,0,0.125779603628544,0.29617386879058,0,0,2.66246441821244e-05,2.32399864433885e-05,-0.198334089901615,0.198334083226226,-0.146007884755732,-9.95265788870796,30686.2832447655,30686.2832447655,16.5172851995146,16.5172851995146,-0.326469310884777,-59715.9473322477,0.491981915460938,0.125779603628544,16.5172851919639,16.5172851919639
1.85,-0.000299028172464911,-1.16431140066776e-15,-0.205602737254576,2.92855845767404e-16,2.74479450479558e-05,2.4589694372405e-17,-3.1404340841165e-17,2.45917732784954e-05,1.75520577998461e-17,0.296173868626709,0,0,0.13587828815417,0.29617386879058,0,0,2.74479450479558e-05,2.45917732784954e-05,-0.205602737254576,0.205602729838773,-0.144739728306468,-9.95138973257754,30682.6899170196,30682.6899170196,16.5127000868128,16.5127000868128,-0.307906770100847,-59708.3383954652,0.495998848337287,0.13587828815417,16.5127000794959,16.5127000794959
1.9,-0.000313621506810995,-1.18478394423005e-15,-0.212808238516305,3.23290396716111e-16,2.82780387645126e-05,2.61199718198091e-17,-1.57585157318737e-17,2.59848941645545e-05,1.88358419666897e-17,0.296173868702862,0,0,0.146338824178545,0.29617386879058,0,0,2.82780387645126e-05,2.59848941645545e-05,-0.212808238516305,0.212808230295038,-0.143482026111523,-9.95013203072171,30679.1269233489,30679.1269233489,16.5081552989966,16.5081552989966,-0.288848430699334,-59700.7921843303,0.50013294189376,0.146338824178545,16.5081552919068,16.5081552919068
1.95,-0.000328728290622814,-1.19784746227426e-15,-0.219951114538822,3.53055236256325e-16,2.91151186473766e-05,2.86945397697421e-17,1.80125852642849e-18,2.7419693593177e-05,2.01868013879336e-17,0.296173868743626,0,0,0.157158067430609,0.29617386879058,0,0,2.91151186473766e-05,2.7419693593177e-05,-0.219951114538822,0.219951105442509,-0.142234703458506,-9.94888470842922,30675.5940337021,30675.5940337021,16.5036504960175,16.5036504960175,-0.269309089236556,-59693.3082505753,0.504381865419954,0.157158067430609,16.5036504891482,16.5036504891482
2,-0.000344364513746725,-1.20773084667243e-15,-0.227031882427694,3.48200762334099e-16,2.99593741871072e-05,2.86668488429227e-17,1.97414338962374e-17,2.88965256256331e-05,2.16298438766413e-17,0.296173868765446,0,0,0.168332899588082,0.29617386879058,0,0,2.99593741871072e-05,2.88965256256331e-05,-0.227031882427694,0.227031872381969,-0.140997685269281,-9.94764769062314,30672.0910171656,30672.0910171656,16.4991853398241,16.4991853398241,-0.249303212326567,-59685.8861437388,0.508743359437665,0.168332899588082,16.4991853331692,16.4991853331692
2.05,-0.000360546458509049,-1.20246019848333e-15,-0.234051055533376,2.80385163786069e-16,3.08109911671492e-05,2.85044101982206e-17,3.52054601989063e-17,3.04157537045548e-05,2.30207935405594e-17,0.296173868777126,0,0,0.179860228089847,0.29617386879058,0,0,3.08109911671492e-05,3.04157537045548e-05,-0.234051055533376,0.234051044458822,-0.139770896448527,-9.94642090220941,30668.6176430333,30668.6176430333,16.4947594946502,16.4947594946502,-0.228844942223156,-59678.5254132565,0.51321523472859,0.179860228089847,16.4947594882037,16.4947594882037
2.1,-0.000377290701422226,-1.18246358400898e-15,-0.241009143455527,2.83507305645589e-16,3.16701517801214e-05,2.9429816905791e-17,4.90393050962739e-17,3.1977750471495e-05,2.44867453376593e-17,0.296173868783378,0,0,0.191736985948239,0.29617386879058,0,0,3.16701517801214e-05,3.1977750471495e-05,-0.241009143455527,0.241009131267393,-0.13855426207094,-9.94520426826409,30665.1736813781,30665.1736813781,16.4903726271606,16.4903726271606,-0.207948102256683,-59671.2256095845,0.517795371352205,0.191736985948239,16.4903726209165,16.4903726209165
2.15,-0.000394614114857336,-1.17294753763783e-15,-0.247906652054295,2.47602033429992e-16,3.25370347424713e-05,3.1078427151073e-17,6.19959136502043e-17,3.35828975902586e-05,2.59890923177266e-17,0.296173868786725,0,0,0.20396013156176,0.29617386879058,0,0,3.25370347424713e-05,3.35828975902586e-05,-0.247906652054295,0.247906638662214,-0.137347707482019,-9.94399771413407,30661.7589033562,30661.7589033562,16.486024406522,16.486024406522,-0.186626202179696,-59663.9862848044,0.522481717683845,0.20396013156176,16.4860244004748,16.4860244004748
2.2,-0.0004125338686846,-1.14335312471054e-15,-0.25474408346538,2.19812449966614e-16,3.34118154075265e-05,3.11759520754763e-17,7.26448059130582e-17,3.52315855759274e-05,2.7510061381765e-17,0.296173868788516,0,0,0.216526648528455,0.29617386879058,0,0,3.34118154075265e-05,3.52315855759274e-05,-0.25474408346538,0.254744068773056,-0.136151158352515,-9.94280116549157,30658.373081369,30658.373081369,16.4817145044338,16.4817145044338,-0.164892443399249,-59656.8069929494,0.527272289450227,0.216526648528455,16.481714498578,16.481714498578
2.25,-0.000431067431884818,-1.10781181147071e-15,-0.261521936011226,1.64864436550182e-16,3.42946658769699e-05,2.75765254239829e-17,8.29239919914921e-17,3.69242136294972e-05,2.90155121402042e-17,0.296173868789475,0,0,0.229433545458032,0.29617386879058,0,0,3.42946658769699e-05,3.69242136294972e-05,-0.261521936011226,0.261521919916121,-0.134964538078894,-9.94161454573463,30655.0159816055,30655.0159816055,16.4774426008726,16.4774426008726,-0.1427597244991,-59649.6872744078,0.532165168751266,0.229433545458032,16.4774426169692,16.4774426169692
2.3,-0.000450232574129965,-1.07008290953291e-15,-0.268240704514506,8.63479894588759e-17,3.51857551105729e-05,2.84870519613408e-17,8.97347102961896e-17,3.86611894780457e-05,3.03777069245329e-17,0.296173868789988,0,0,0.242677855786635,0.29617386879058,0,0,3.51857551105729e-05,3.86611894780457e-05,-0.268240704514506,0.268240686907511,-0.133787778423455,-9.94043778662715,30651.6873945651,30651.6873945651,16.4732083610437,16.4732083610437,-0.120240645229738,-59642.6267197629,0.537158503151147,0.242677855786635,16.4732083766371,16.4732083766371
2.35,-0.000470047367333483,-1.02947367543967e-15,-0.274900880071257,2.20331448287655e-17,3.60852490347894e-05,2.90962927561225e-17,9.34916484897201e-17,4.04429292203576e-05,3.18982419542457e-17,0.296173868790263,0,0,0.25625663759977,0.29617386879058,0,0,3.60852490347894e-05,4.04429292203576e-05,-0.274900880071257,0.274900860836347,-0.132620803424451,-9.93927081220911,30648.3870888946,30648.3870888946,16.4690114700932,16.4690114700932,-0.0973475124670045,-59635.6248732546,0.542250504842195,0.25625663759977,16.4690114851968,16.4690114851968
2.4,-0.000490530187180665,-9.77538304734742e-16,-0.281502950099529,4.16925502068664e-18,3.69933106494792e-05,2.97285713847914e-17,9.39386532485607e-17,4.22698571779336e-05,3.33386035344586e-17,0.29617386879041,0,0,0.270166973444759,0.29617386879058,0,0,3.69933106494792e-05,4.22698571779336e-05,-0.281502950099529,0.281502929113402,-0.131463540245128,-9.93811354964552,30645.1148425064,30645.1148425064,16.464851609845,16.464851609845,-0.0740923448948068,-59628.6812978731,0.547439449602027,0.270166973444759,16.4648516244719,16.4648516244719
2.45,-0.000511699714632361,-9.27919070186231e-16,-0.288047398385135,-4.83309327430603e-17,3.79101001332002e-05,2.74991066967977e-17,9.46736843364896e-17,4.41424057512994e-05,3.48264936362843e-17,0.296173868790489,0,0,0.284405970148558,0.29617386879058,0,0,3.79101001332002e-05,4.41424057512994e-05,-0.288047398385135,0.288047375516841,-0.130315916437764,-9.93696592649055,30641.8704347254,30641.8704347254,16.4607284646264,16.4607284646264,-0.0504868777801133,-59621.7955589433,0.552723675946993,0.284405970148558,16.4607284787891,16.4607284787891
2.5,-0.000533574937406154,-8.78307069649094e-16,-0.294534705101663,-7.06248003591904e-17,3.88357749470444e-05,2.81938000079255e-17,9.12928763844454e-17,4.60610152815422e-05,3.61880986866347e-17,0.296173868790531,0,0,0.298970758636639,0.29617386879058,0,0,3.88357749470444e-05,4.60610152815422e-05,-0.294534705101663,0.294534680212214,-0.129177859945663,-9.93582787068943,30638.653646289,30638.653646289,16.4566417212521,16.4566417212521,-0.0265425677265284,-59614.9672241366,0.558101584253881,0.298970758636639,16.4566417349629,16.4566417349629
2.55,-0.000556175151436418,-8.26060632792277e-16,-0.30096534683007,5.69216325736929e-17,3.97704899370107e-05,3.00239033025671e-17,8.90928345789245e-17,4.8026133917003e-05,3.76686400230943e-17,0.296173868790554,0,0,0.31385849375284,0.29617386879058,0,0,3.97704899370107e-05,4.8026133917003e-05,-0.30096534683007,0.300965319772038,-0.128049299104505,-9.93469931057992,30635.4642593458,30635.4642593458,16.4525910690093,16.4525910690093,-0.00227059735034636,-59608.1958634795,0.563571635891776,0.31385849375284,16.4525910822801,16.4525910822801
2.6,-0.000579519962314868,-7.87061848302198e-16,-0.307339796578354,6.87523274763121e-17,4.0714397434945e-05,3.09149165374844e-17,9.33312755762599e-17,5.00382174850512e-05,3.91893247740003e-17,0.296173868790566,0,0,0.329066354080211,0.29617386879058,0,0,4.0714397434945e-05,5.00382174850512e-05,-0.307339796578354,0.307339767195446,-0.126930162643371,-9.93358017489321,30632.3020574535,30632.3020574535,16.4485761996417,16.4485761996417,0.0223181201147223,-59601.4810493592,0.569132352369336,0.329066354080211,16.448576212484,16.448576212484
2.65,-0.000603629286713121,-7.39778942795834e-16,-0.313658523801254,1.62406007590126e-16,4.16676473580709e-05,3.05548118205024e-17,9.80431666741807e-17,5.20977293688713e-05,4.0768155106517e-17,0.296173868790572,0,0,0.344591541762833,0.29617386879058,0,0,4.16676473580709e-05,5.20977293688713e-05,-0.313658523801254,0.313658491927877,-0.125820379685518,-9.93247039275479,30629.1668255758,30629.1668255758,16.4445968073337,16.4445968073337,0.0472129362957828,-59594.8223565288,0.574782314487936,0.344591541762833,16.4445968197588,16.4445968197588
2.7,-0.000628523353788702,-6.89349594535602e-16,-0.319921994419993,1.43468195915975e-16,4.26303873071208e-05,3.39142582226337e-17,1.07060260501806e-16,5.42051403891906e-05,4.23862227884299e-17,0.296173868790576,0,0,0.360431282328627,0.29617386879058,0,0,4.26303873071208e-05,5.42051403891906e-05,-0.319921994419993,0.319921959880799,-0.124719879748981,-9.93136989368504,30626.058350079,30626.058350079,16.4406525886949,16.4406525886949,0.0724034632146957,-59588.2193621102,0.580520161520297,0.360431282328627,16.4406526007136,16.4406526007136
2.75,-0.000654222706576115,-6.324355730589e-16,-0.32613067084205,1.44034618172732e-16,4.36027626631105e-05,3.43242642514958e-17,1.14225553850681e-16,5.63609286908796e-05,4.40903871112479e-17,0.296173868790578,0,0,0.376582824513151,0.29617386879058,0,0,4.36027626631105e-05,5.63609286908796e-05,-0.32613067084205,0.326130633451465,-0.123628592747084,-9.93027860759969,30622.9764187284,30622.9764187284,16.4367432427436,16.4367432427436,0.0978795688998882,-59581.6716455981,0.586344590397187,0.376582824513151,16.4367432543664,16.4367432543664
2.8,-0.000680748203364302,-5.7797217644702e-16,-0.332285011980952,7.6725842555743e-17,4.45849166827546e-05,2.96238554910305e-17,1.19812992316096e-16,5.85655796343575e-05,4.57501165841149e-17,0.296173868790579,0,0,0.393043440084381,0.29617386879058,0,0,4.45849166827546e-05,5.85655796343575e-05,-0.332285011980952,0.332284971542682,-0.122546448988838,-9.92919646481029,30619.9208206846,30619.9208206846,16.4328684708913,16.4328684708913,0.123631373075719,-59575.1787888617,0.592254354901628,0.393043440084381,16.4328684821286,16.4328684821286
2.85,-0.000708121019062172,-5.20536882449377e-16,-0.338385473276081,1.56286384638979e-16,4.5576990592577e-05,3.28271811763228e-17,1.22872636505213e-16,6.08195856917348e-05,4.7164584365176e-17,0.296173868790579,0,0,0.409810423668484,0.29617386879058,0,0,4.5576990592577e-05,6.08195856917348e-05,-0.338385473276081,0.338385429582607,-0.121473379179283,-9.92812339602452,30616.8913464994,30616.8913464994,16.4290279769272,16.4290279769272,0.149649242911742,-59568.7403761471,0.598248264883098,0.409810423668484,16.4290279877887,16.4290279877887
2.9,-0.000736362646553379,-4.65563628064214e-16,-0.344432506712512,1.15566971859296e-16,4.65791236816984e-05,3.21871239102242e-17,1.30329503595786e-16,6.31234463476294e-05,4.88429336843882e-17,0.296173868790579,0,0,0.426881092576584,0.29617386879058,0,0,4.65791236816984e-05,6.31234463476294e-05,-0.344432506712512,0.344432459544557,-0.120409314419754,-9.92705933234646,30613.8877881118,30613.8877881118,16.4252214670017,16.4252214670017,0.175923788841106,-59562.3559940788,0.604325185483996,0.426881092576584,16.4252214774972,16.4252214774972
2.95,-0.000765494898042009,-4.02042474774198e-16,-0.350426560840843,5.24837964638821e-17,4.75914533933566e-05,3.23703238081404e-17,1.34340075044681e-16,6.54776680045893e-05,5.039176364041e-17,0.29617386879058,0,0,0.44425278663251,0.29617386879058,0,0,4.75914533933566e-05,6.54776680045893e-05,-0.350426560840843,0.350426509966826,-0.119354186208078,-9.9260042052768,30610.9099388439,30610.9099388439,16.4214486496112,16.4214486496112,0.202445860449252,-59556.0252316608,0.610484036376757,0.44425278663251,16.4214486597501,16.4214486597501
3,-0.000795539906390526,-3.38929876709984e-16,-0.356368080797045,-9.81988170037484e-18,4.86141154151666e-05,3.51530651647903e-17,1.34715289038579e-16,6.78827638930443e-05,5.20263159283413e-17,0.29617386879058,0,0,0.461922868001557,0.29617386879058,0,0,4.86141154151666e-05,6.78827638930443e-05,-0.356368080797045,0.356368025972513,-0.11830792643871,-9.92495794671296,30607.9575933966,30607.9575933966,16.4177092355824,16.4177092355824,0.229206542428886,-59549.7476802778,0.616723791013848,0.461922868001557,16.4177092453736,16.4177092453736
