speed_kt,speed_mps,solverRevision,newtonIterations,newtonEvaluations,fminsearchEvaluations,numericallyAccepted,status,theta_deg,collectiveControl_deg,collectiveGeometric75_deg,theta75Deg,stick_in,stick_pct,cyclicLong_deg,theta1sRight_deg,elevator_deg,thrustLeft_N,thrustRight_N,thrustPerRotor_lbf,shaftPowerLeft_kW,shaftPowerRight_kW,totalRotorPower_kW,residualNorm,residualUdot_g,residualWdot_g,residualQdot_radps2,withinLimits,atBound,controlsClamped,minimumBoundMargin,physicalConverged,physicalBranchSupported,finiteReal,alphaClampCount,machClampCount,wingImmersedHalf_m2,repeatEvaluationDifference,exitflag,evaluationCount,invalidEvaluationCount,attemptCount,selectedAttempt,seedSpeed_kt,seedRole,elapsed_s,totalElapsed_s,errorIdentifier
0,0,NOT_RUN,0,0,0,0,SKIPPED_SOURCE_DOMAIN_FORWARD_VELOCITY_REQUIRED,NaN,NaN,NaN,NaN,NaN,NaN,NaN,NaN,NaN,NaN,NaN,NaN,NaN,NaN,NaN,NaN,NaN,NaN,NaN,0,0,0,NaN,0,0,0,NaN,NaN,NaN,NaN,NaN,0,0,0,0,NaN,,0,0,
0.01,0.00514444,NEWTON_V2,3,22,0,1,NUMERICALLY_ACCEPTED_SOURCE_SUBSET,0.928537378733071,36.1665750207958,9.77699436864594,9.77699436864594,5.67966814903605,59.1632098857922,1.88500758446321,-1.88500758446321,3.66821618148032,29031.7905972045,29031.7905972045,6526.60616044965,554.128910728829,554.128910728829,1108.25782145766,1.16196670958142e-10,2.37171819827791e-12,-1.16157921434373e-10,-1.83809210556444e-12,1,0,0,0.408367901142078,1,1,1,0,0,0,0,1,24,0,1,1,5,ACCEPTED_SAME_PHYSICS_CONTINUATION,1.6624452,1.6624452,
5,2.57222,NEWTON_V2,4,29,0,1,NUMERICALLY_ACCEPTED_SOURCE_SUBSET,0.898166700851227,36.1253714296351,9.73579077748525,9.73579077748525,5.65004275795957,58.8546120620789,1.82152445513422,-1.82152445513422,3.54467830069141,29005.5589268765,29005.5589268765,6520.70904636748,550.134630331932,550.134630331932,1100.26926066386,1.42271480776319e-10,-2.24756212966332e-12,1.42253093949451e-10,-4.24227024838459e-13,1,0,0,0.411453879379211,1,1,1,0,0,0,0,1,31,0,1,1,10,ACCEPTED_SAME_PHYSICS_CONTINUATION,3.0558953,3.0558953,
10,5.14444,NEWTON_V2,2,15,0,1,NUMERICALLY_ACCEPTED_SOURCE_SUBSET,0.804354144625573,36.0127047917863,9.62312413963641,9.62312413963641,5.60984065472293,58.4358401533638,1.73537688960569,-1.73537688960569,3.37703553019461,28924.0599434461,28924.0599434461,6502.38734603878,539.434906189313,539.434906189313,1078.86981237863,7.46755176387757e-09,1.77260708771747e-09,-3.25174592032144e-09,-6.48446928656754e-09,1,0,0,0.415641598466362,1,1,1,0,0,0,0,1,17,0,1,1,15,ACCEPTED_SAME_PHYSICS_CONTINUATION,2.0812622,2.0812622,
15,7.71666,NEWTON_V2,4,29,0,1,NUMERICALLY_ACCEPTED_SOURCE_SUBSET,0.648741197069467,35.834394395898,9.44481374374808,9.44481374374808,5.57371746702367,58.0595569481632,1.65796987781073,-1.65796987781073,3.22640183748871,28792.1770993061,28792.1770993061,6472.7389032347,522.606257108625,522.606257108625,1045.21251421725,1.47499049653985e-10,1.29248583088216e-12,-1.47328730285304e-10,6.96737839692452e-12,1,0,0,0.419404430518368,1,1,1,0,0,0,0,1,31,0,1,1,20,ACCEPTED_SAME_PHYSICS_CONTINUATION,4.1508648,4.1508648,
20,10.28888,NEWTON_V2,3,22,0,1,NUMERICALLY_ACCEPTED_SOURCE_SUBSET,0.44123778366841,35.5985980026717,9.20901735052183,9.20901735052183,5.55064153952975,57.8191827034349,1.60852134612043,-1.60852134612043,3.13017521983907,28616.2181192174,28616.2181192174,6433.18175089204,500.68349912725,500.68349912725,1001.3669982545,1.6776229850961e-12,-3.98547600285927e-14,-1.66380093303977e-12,2.11179860407673e-13,1,0,0,0.421808172965651,1,1,1,0,0,0,0,1,24,0,1,1,25,ACCEPTED_SAME_PHYSICS_CONTINUATION,2.9558527,2.9558527,
25,12.8611,NEWTON_V2,3,22,0,1,NUMERICALLY_ACCEPTED_SOURCE_SUBSET,-0.00787445357156373,35.3227706490471,8.93318999689723,8.93318999689723,5.35708276036074,55.8029454204243,1.19375156370549,-1.19375156370549,2.32303511070427,28377.8992170397,28377.8992170397,6379.60553037281,475.442660387467,475.442660387467,950.885320774935,2.34077778836386e-12,4.28463639692185e-13,-1.63274767397517e-12,-1.62166414435542e-12,1,0,0,0.441970545795757,1,1,1,0,0,0,0,1,24,0,1,1,30,ACCEPTED_SAME_PHYSICS_CONTINUATION,2.1653031,2.1653031,
30,15.43332,NEWTON_V2,3,22,0,1,NUMERICALLY_ACCEPTED_SOURCE_SUBSET,-0.495860730742102,35.0282930655261,8.63871241337626,8.63871241337626,5.19143244884758,54.0774213421623,0.838785780400536,-0.838785780400536,1.63227331169441,28117.9474478687,28117.9474478687,6321.16604788857,449.109694813192,449.109694813192,898.219389626383,9.92082428260098e-14,1.84516233801696e-14,7.15356453755197e-14,-6.62152888687257e-14,1,0,0,0.459225786578377,1,1,1,0,0,0,0,1,24,0,1,1,35,ACCEPTED_SAME_PHYSICS_CONTINUATION,1.7303012,1.7303012,
35,18.00554,NEWTON_V2,3,22,0,1,NUMERICALLY_ACCEPTED_SOURCE_SUBSET,-0.995208339985235,34.7358031101043,8.34622245795438,8.34622245795438,5.07941339634274,52.9105562119036,0.598744392284589,-0.598744392284589,1.16515386274924,27847.3022655786,27847.3022655786,6260.3225905029,423.688549504701,423.688549504701,847.377099009401,8.8595947980846e-16,3.92880301930578e-18,8.80051876324495e-16,-1.02065955867015e-16,1,0,0,0.470894437880964,1,1,1,0,0,0,0,1,24,0,1,1,40,ACCEPTED_SAME_PHYSICS_CONTINUATION,1.6631952,1.6631952,
40,20.57776,FMINSEARCH_V1,0,0,393,1,NUMERICALLY_ACCEPTED_SOURCE_SUBSET,-1.49991111768958,34.4658271911524,8.07624653900254,8.07624653900254,5.02345985260713,52.3277067979909,0.478843661043147,-0.478843661043147,0.931827585371728,27573.9816412346,27573.9816412346,6198.87766981678,400.721214872437,400.721214872437,801.442429744874,1.55617655601019e-10,-1.39343728879988e-10,-6.50735501693655e-12,6.8977056238008e-11,1,0,0,0.476722932020091,1,1,1,2,0,0,0,1,393,0,1,1,40,ORIGINAL_ACCEPTED_BASELINE_NUMERICAL_SEED,106.4521098,106.4521098,
45,23.14998,FMINSEARCH_V1,0,0,424,1,NUMERICALLY_ACCEPTED_SOURCE_SUBSET,-2.14072729786992,34.2480147141775,7.8584340620276,7.8584340620276,4.88324474956719,50.8671328079915,0.178382023349189,-0.178382023349189,0.347130605695165,27307.1417503306,27307.1417503306,6138.8896759658,382.457462957473,382.457462957473,764.914925914945,3.3744589253997e-10,6.58561598732052e-11,-3.18678225091492e-10,8.93134113747115e-11,1,0,0,0.469418181459001,1,1,1,6,0,0,0,1,424,0,1,1,40,ACCEPTED_SAME_PHYSICS_CONTINUATION,132.4830943,132.4830943,
50,25.7222,FMINSEARCH_V1,0,0,334,1,NUMERICALLY_ACCEPTED_SOURCE_SUBSET,-2.74901491478696,34.0792896463176,7.6897089941677,7.6897089941677,4.8312864453509,50.3259004724052,0.067042539669036,-0.067042539669036,0.130464477113245,27063.4533810797,27063.4533810797,6084.10635122882,368.355383936891,368.355383936891,736.710767873781,1.59736326400464e-10,-8.16065268798451e-11,1.18852388836286e-10,-6.87762925028176e-11,1,0,0,0.460728358360186,1,1,1,6,0,0,0,1,334,0,1,1,45,ACCEPTED_SAME_PHYSICS_CONTINUATION,74.0191657,74.0191657,
55,28.29442,FMINSEARCH_V1,0,0,356,1,NUMERICALLY_ACCEPTED_SOURCE_SUBSET,-3.34345558293791,33.9631972383375,7.57361658618765,7.57361658618765,4.8416877708362,50.434247612877,0.0893311464007254,-0.0893311464007254,0.173838004386938,26848.2924239432,26848.2924239432,6035.73624385863,358.427116018901,358.427116018901,716.854232037802,3.20650385426041e-10,1.11064786209872e-10,-1.26742682516018e-10,-2.72795849247505e-10,1,0,0,0.452236348815173,1,1,1,8,0,0,0,1,356,0,1,1,50,ACCEPTED_SAME_PHYSICS_CONTINUATION,46.647058,46.647058,
60,30.86664,FMINSEARCH_V1,0,0,387,1,NUMERICALLY_ACCEPTED_SOURCE_SUBSET,-3.93812942317992,33.9024569236177,7.51287627146782,7.51287627146782,4.89429023369431,50.9821899343157,0.202050973255474,-0.202050973255474,0.393190274505255,26669.8279953322,26669.8279953322,5995.61584428171,352.672546266997,352.672546266997,705.345092533994,1.16569164403998e-10,1.09590675744211e-10,3.0348337511657e-11,-2.56365420845354e-11,1,0,0,0.443741008240287,1,1,1,10,0,0,0,1,387,0,1,1,55,ACCEPTED_SAME_PHYSICS_CONTINUATION,105.7150045,105.7150045,
65,33.43886,FMINSEARCH_V1,0,0,354,1,NUMERICALLY_ACCEPTED_SOURCE_SUBSET,-4.54392151965776,33.8999713052647,7.51039065311482,7.51039065311482,4.9813947138578,51.8895282693521,0.388703867223311,-0.388703867223311,0.756415956787017,26542.3757287814,26542.3757287814,5966.96343494275,351.574062841162,351.574062841162,703.148125682324,2.30731834420978e-10,1.84842120154541e-10,-4.14449116202325e-11,1.31730366024067e-10,1,0,0,0.435086835433461,1,1,1,10,0,0,0,1,354,0,1,1,60,ACCEPTED_SAME_PHYSICS_CONTINUATION,170.4274831,170.4274831,
70,36.01108,FMINSEARCH_V1,0,0,342,1,NUMERICALLY_ACCEPTED_SOURCE_SUBSET,-5.18063742703063,33.9567388033823,7.56715815123245,7.56715815123245,5.07302086307997,52.8439673237496,0.585046074688943,-0.585046074688943,1.13849699904346,26468.271004192,26468.271004192,5950.30403012911,355.105611509437,355.105611509437,710.211223018875,3.21288402830922e-10,4.84423455257973e-11,3.09551332803827e-10,7.11164489620955e-11,1,0,0,0.425990893899562,1,1,1,10,0,0,0,1,342,0,1,1,65,ACCEPTED_SAME_PHYSICS_CONTINUATION,87.7945547,87.7945547,
75,38.5833,FMINSEARCH_V1,0,0,288,1,NUMERICALLY_ACCEPTED_SOURCE_SUBSET,-5.84420452356036,34.0678617469144,7.67828109476451,7.67828109476451,5.17253999062125,53.8806249023047,0.798301846675281,-0.798301846675281,1.5534917608906,26431.7117165035,26431.7117165035,5942.08517530338,362.97653484711,362.97653484711,725.95306969422,4.46698665411617e-10,-2.45984400016305e-10,-3.7108141695402e-10,3.64685428901983e-11,1,0,0,0.416511363949138,1,1,1,8,0,0,0,1,288,0,1,1,70,ACCEPTED_SAME_PHYSICS_CONTINUATION,43.3507908,43.3507908,
80,41.15552,FMINSEARCH_V1,0,0,346,1,NUMERICALLY_ACCEPTED_SOURCE_SUBSET,-6.52445939988614,34.2415165740978,7.85193592194791,7.85193592194791,5.2509759622576,54.6976662735167,0.966379321790518,-0.966379321790518,1.8805697626142,26479.6682960354,26479.6682960354,5952.86624326264,374.983386524019,374.983386524019,749.966773048038,2.151887795488e-10,-5.92098273782637e-11,1.55940792225319e-10,1.3595174329768e-10,1,0,0,0.406793437144484,1,1,1,8,0,0,0,1,346,0,1,1,75,ACCEPTED_SAME_PHYSICS_CONTINUATION,61.1855306,61.1855306,
85,43.72774,FMINSEARCH_V1,0,0,368,1,NUMERICALLY_ACCEPTED_SOURCE_SUBSET,-6.98740506029063,34.4082730348953,8.01869238274543,8.01869238274543,5.63456271415948,58.6933616058279,1.78835285513601,-1.78835285513601,3.48012651804503,26531.3798693812,26531.3798693812,5964.49146741253,384.151383282172,384.151383282172,768.302766564343,2.44402960505088e-10,-1.77408589113834e-10,1.14193017037934e-10,-1.23365126644707e-10,1,0,0,0.400179927710134,1,1,1,12,0,0,0,1,368,0,1,1,80,ACCEPTED_SAME_PHYSICS_CONTINUATION,63.2038549,63.2038549,
90,46.29996,NEWTON_V2,3,22,0,1,NUMERICALLY_ACCEPTED_SOURCE_SUBSET,-7.51302219717817,34.6466065789908,8.25702592684092,8.25702592684092,5.93858238513087,61.8602331784466,2.43982510206808,-2.43982510206808,4.74788854599574,26687.1617297733,26687.1617297733,5999.51262280138,398.367753676227,398.367753676227,796.735507352454,1.25061725877139e-10,-3.36049694799958e-11,-5.90328740902742e-11,1.05006004981901e-10,1,0,0,0.381397668215534,1,1,1,14,0,0,0,1,24,0,1,1,85,ACCEPTED_SAME_PHYSICS_CONTINUATION,4.4983093,4.4983093,
95,48.87218,NEWTON_V2,3,22,0,1,NUMERICALLY_ACCEPTED_SOURCE_SUBSET,-8.13337564188974,34.9937914759502,8.60421082380033,8.60421082380033,6.16265814823179,64.1943557107478,2.91998857439849,-2.91998857439849,5.68228447812657,27006.5645820038,27006.5645820038,6071.31724043435,420.97374058452,420.97374058452,841.94748116904,1.6814856034268e-12,7.55791694429892e-13,-9.81132120405194e-13,-1.13734449990827e-12,1,0,0,0.358056442892522,1,1,1,16,0,0,0,1,24,0,1,1,90,ACCEPTED_SAME_PHYSICS_CONTINUATION,4.287995,4.287995,
100,51.4444,NEWTON_V2,3,22,0,1,NUMERICALLY_ACCEPTED_SOURCE_SUBSET,-8.81236552890904,35.4472102946512,9.05762964250137,9.05762964250137,6.31861314964906,65.8188869755111,3.25417864462971,-3.25417864462971,6.33261683403659,27489.6180436996,27489.6180436996,6179.91197861884,455.220353336546,455.220353336546,910.440706673092,1.45929013239013e-11,6.58844551125502e-13,1.44077064323982e-11,2.22186594204166e-12,1,0,0,0.341811130244889,1,1,1,18,0,0,0,1,24,0,1,1,95,ACCEPTED_SAME_PHYSICS_CONTINUATION,4.4893047,4.4893047,
105,54.01662,NEWTON_V2,3,22,0,1,NUMERICALLY_ACCEPTED_SOURCE_SUBSET,-9.31332039490546,35.965482518742,9.57590186659215,9.57590186659215,6.7307458065578,70.1119354849771,4.13732211746006,-4.13732211746006,8.05121001334602,27997.0875089168,27997.0875089168,6293.9956527497,504.447003601648,504.447003601648,1008.8940072033,6.86783841399821e-11,-1.65787944112907e-11,3.92213976938504e-12,6.65318032490966e-11,1,0,0,0.298880645150229,1,1,1,20,0,0,0,1,24,0,1,1,100,ACCEPTED_SAME_PHYSICS_CONTINUATION,4.8418356,4.8418356,
