time_s,accelerationUp,hubForceDifference,linearAccelerationDelta,linearForceDifferenceDelta
0,1.67301117947155e-15,0,0,0
0.005,1.67301117947155e-15,0,0,0
0.01,1.67301117947155e-15,0,0,0
0.015,1.67301117947155e-15,0,0,0
0.02,1.67301117947155e-15,0,0,0
0.025,1.67301117947155e-15,0,0,0
0.03,1.67301117947155e-15,0,0,0
0.035,1.67301117947155e-15,0,0,0
0.04,1.67301117947155e-15,0,0,0
0.045,1.67301117947155e-15,0,0,0
0.05,1.67301117947155e-15,0,0,0
0.055,1.67301117947155e-15,0,0,0
0.06,1.67301117947155e-15,0,0,0
0.065,1.67301117947155e-15,0,0,0
0.07,1.67301117947155e-15,0,0,0
0.075,1.86807540705953e-16,0,0,0
0.08,1.86807540705953e-16,0,0,0
0.085,1.86807540705953e-16,0,0,0
0.09,1.86807540705953e-16,0,0,0
0.095,1.86807540705953e-16,0,0,0
0.1,1.86807540705953e-16,0,0,0
0.105,1.86807540705953e-16,0,0,0
0.11,1.86807540705953e-16,0,0,0
0.115,1.86807540705953e-16,0,0,0
0.12,1.86807540705953e-16,0,0,0
0.125,1.86807540705953e-16,0,0,0
0.13,1.86807540705953e-16,0,0,0
0.135,1.86807540705953e-16,0,0,0
0.14,1.86807540705953e-16,0,0,0
0.145,4.17994773402823e-16,0,0,0
0.15,1.67301117947155e-15,0,0,0
0.155,4.64541845700273e-15,0,0,0
0.16,4.64541845700273e-15,0,0,0
0.165,4.64541845700273e-15,0,0,0
0.17,4.64541845700273e-15,0,0,0
0.175,4.41423122430586e-15,0,0,0
0.18,4.41423122430586e-15,0,0,0
0.185,1.44182394677468e-15,0,0,0
0.19,1.44182394677468e-15,0,0,0
0.195,1.86807540705953e-16,0,0,0
0.2,1.86807540705953e-16,0,0,0
0.205,1.86807540705953e-16,0,0,0
0.21,1.86807540705953e-16,0,0,0
0.215,1.86807540705953e-16,0,0,0
0.22,1.86807540705953e-16,0,0,0
0.225,1.86807540705953e-16,0,0,0
0.23,1.86807540705953e-16,0,0,0
0.235,1.86807540705953e-16,0,0,0
0.24,1.86807540705953e-16,0,0,0
0.245,1.86807540705953e-16,0,0,0
0.25,1.86807540705953e-16,0,0,0
0.255,1.86807540705953e-16,0,0,0
0.26,1.86807540705953e-16,0,0,0
0.265,1.67301117947155e-15,0,0,0
0.27,1.67301117947155e-15,0,0,0
0.275,4.64541845700273e-15,0,0,0
0.28,4.64541845700273e-15,0,0,0
0.285,4.64541845700273e-15,0,0,0
0.29,4.64541845700273e-15,0,0,0
0.295,4.41423122430586e-15,0,0,0
0.3,4.41423122430586e-15,0,0,0
0.305,1.44182394677468e-15,0,0,0
0.31,1.44182394677468e-15,0,0,0
0.315,1.86807540705953e-16,0,0,0
0.32,1.86807540705953e-16,0,0,0
0.325,1.86807540705953e-16,0,0,0
0.33,1.86807540705953e-16,0,0,0
0.335,1.86807540705953e-16,0,0,0
0.34,1.86807540705953e-16,0,0,0
0.345,1.86807540705953e-16,0,0,0
0.35,1.86807540705953e-16,0,0,0
0.355,1.86807540705953e-16,0,0,0
0.36,1.86807540705953e-16,0,0,0
0.365,1.86807540705953e-16,0,0,0
0.37,1.86807540705953e-16,0,0,0
0.375,1.86807540705953e-16,0,0,0
0.38,1.86807540705953e-16,0,0,0
0.385,1.67301117947155e-15,0,0,0
0.39,1.67301117947155e-15,0,0,0
0.395,1.67301117947155e-15,0,0,0
0.4,1.67301117947155e-15,0,0,0
0.405,1.67301117947155e-15,0,0,0
0.41,1.67301117947155e-15,0,0,0
0.415,1.67301117947155e-15,0,0,0
0.42,1.67301117947155e-15,0,0,0
0.425,1.67301117947155e-15,0,0,0
0.43,1.67301117947155e-15,0,0,0
0.435,1.67301117947155e-15,0,0,0
0.44,1.67301117947155e-15,0,0,0
0.445,1.67301117947155e-15,0,0,0
0.45,1.67301117947155e-15,0,0,0
0.455,1.67301117947155e-15,0,0,0
0.46,1.67301117947155e-15,0,0,0
0.465,1.67301117947155e-15,0,0,0
0.47,1.67301117947155e-15,0,0,0
0.475,1.67301117947155e-15,0,0,0
0.48,1.67301117947155e-15,0,0,0
0.485,1.67301117947155e-15,0,0,0
0.49,1.67301117947155e-15,0,0,0
0.495,1.67301117947155e-15,0,0,0
0.5,1.67301117947155e-15,0,-2.03405961760674e-28,-2.60817669604713e-40
0.505,3.95185675891212e-15,-0.0194583950506058,1.85129737167999e-27,-0.0194583950595637
0.51,-8.5983073017751e-15,-0.155348706568475,7.46676510881673e-27,-0.155348706574854
0.515,-5.55953690342966e-14,-0.522513941497891,-1.01804933212964e-25,-0.522513941503145
0.52,-8.81927688445602e-14,-1.23263493681225,-3.20318242309198e-25,-1.23263493681665
0.525,2.52415690713502e-12,-2.39268825763429,-1.12856608070091e-24,-2.39268825765711
0.53,1.86959019947662e-11,-4.10345048609452,-6.12194280279622e-24,-4.10345048619157
0.535,8.78815547063394e-11,-6.45806371945582,-1.68302969074925e-23,-6.45806371985337
0.54,3.05824566243219e-10,-9.54067655057224,-3.85442801842504e-23,-9.54067655201629
0.545,8.93724880849769e-10,-13.4251741304688,-8.22343818685074e-23,-13.4251741349342
0.55,2.264297219748e-09,-18.1740101177165,-1.4690301880115e-22,-18.17401012976
0.555,5.17795945815669e-09,-23.8371524091635,-2.47679932084525e-22,-23.8371524384624
0.56,1.08400352312253e-08,-30.4511535299025,-3.7699130903572e-22,-30.4511535952935
0.565,2.11745572634305e-08,-38.0383554441069,-5.57968216205107e-22,-38.0383555798724
0.57,3.88988714885675e-08,-46.6062373448476,-8.0416946526475e-22,-46.6062376095099
0.575,6.79259377439146e-08,-56.1469136969281,-1.13372529487048e-21,-56.1469141854752
0.58,1.13306887405114e-07,-66.6367884583306,-1.52548019629284e-21,-66.6367893175273
0.585,1.81747777051903e-07,-78.0363699970476,-2.03727542069329e-21,-78.036371444815
0.59,2.81268516919893e-07,-90.2902497744508,-2.5448251348427e-21,-90.2902521213197
0.595,4.21799521883115e-07,-103.327246379031,-3.13616241112817e-21,-103.327250052857
0.6,6.14400474375854e-07,-117.060715003365,-3.80585866141436e-21,-117.060720573056
0.605,8.7189233678352e-07,-131.389020941151,-4.55042100989892e-21,-131.389029140634
0.61,1.20752827437171e-06,-146.196174197277,-5.58440043019192e-21,-146.19618594274
0.615,1.63561841701793e-06,-161.352620809284,-6.89145192020352e-21,-161.352637212043
0.62,2.16964939543857e-06,-176.716185056579,-8.49604202909243e-21,-176.716207421489
0.625,2.82286896637298e-06,-192.133155308424,-1.03237644554382e-20,-192.133185122718
0.63,3.6059955522566e-06,-207.439504954236,-1.24434784787312e-20,-207.439543854245
0.635,4.52773921369039e-06,-222.462238550594,-1.48107884443822e-20,-222.462288275315
0.64,5.59239893780436e-06,-237.020852173493,-1.71271896007392e-20,-237.020914492008
0.645,6.8002978293649e-06,-250.928895818339,-1.94169767004247e-20,-250.928972444113
0.65,8.14569652816024e-06,-263.995624742336,-2.14503756578533e-20,-263.995717224228
0.655,9.6171099169812e-06,-276.027725706932,-2.3091785175016e-20,-276.027835313304
0.66,1.11960332067818e-05,-286.831103356148,-2.4820926646224e-20,-286.831230947384
0.665,1.28570867781228e-05,-296.212711279139,-2.64493632616602e-20,-296.212857185519
0.67,1.45680309373569e-05,-303.98241182572,-2.77552034372892e-20,-303.982575734716
0.675,1.62896625768612e-05,-309.95484834442,-2.89677366504875e-20,-309.955029209024
0.68,1.79774742781574e-05,-313.951313277212,-3.02940184251394e-20,-313.951509260222
0.685,1.9581214001097e-05,-315.801595465407,-3.16371725939424e-20,-315.801803919488
0.69,2.10483320044538e-05,-315.34579002576,-3.31814172949613e-20,-315.346007534238
0.695,2.2323126073537e-05,-312.436054411377,-3.49240348864289e-20,-312.436276872049
0.7,2.33518407756e-05,-306.938294509375,-3.68033598112226e-20,-306.938517293225
0.705,2.40813654831321e-05,-298.733765216501,-3.88552512975492e-20,-298.733983362679
0.71,2.44655439182422e-05,-287.720570395984,-4.04806940024887e-20,-287.720778876969
0.715,2.44634723880632e-05,-273.815048020682,-4.17785550152406e-20,-273.815242018886
0.72,2.40462491611624e-05,-256.953026988493,-4.29723059169002e-20,-256.953202214098
0.725,2.31952394417736e-05,-237.090943265765,-4.39362303504114e-20,-237.091096245272
0.73,2.19078839530482e-05,-214.206803918692,-4.43597940021733e-20,-214.206932270856
0.735,2.01965760069642e-05,-188.300988956289,-4.44752895364553e-20,-188.30109158955
0.74,1.8092452016837e-05,-159.396882047437,-4.42991321008673e-20,-159.396959277749
0.745,1.56448457820028e-05,-127.541322655274,-4.39263092111749e-20,-127.541376195345
0.75,1.29227979925876e-05,-92.8048734849508,-4.33128176345775e-20,-92.8049062941265
0.755,1.00144198867814e-05,-55.2818986925886,-4.25507900458471e-20,-55.2819146606648
0.76,7.02652103840247e-06,-15.0904498102027,-4.16178751834869e-20,-15.0904532698288
0.765,4.08312394438172e-06,27.6280420621406,-4.05510457915988e-20,27.6280469969742
0.77,1.32338987292015e-06,72.7092676602297,-3.93201633971898e-20,72.7092779160464
0.775,-1.10059812319044e-06,119.966732806879,-3.79157271866789e-20,119.966747309271
0.78,-3.02776256114571e-06,169.192640165827,-3.63018023806287e-20,169.192660896607
0.785,-4.29054949918389e-06,220.158954567989,-3.44650286412989e-20,220.158987673394
0.79,-4.72083774751436e-06,272.618645439208,-3.23004122775077e-20,272.61870232435
0.795,-4.15295117544007e-06,326.307098336234,-2.97981557269161e-20,326.307196683397
0.8,-2.42858971243068e-06,380.943686164781,-2.73273534563951e-20,380.943850803792
0.805,5.96572716050955e-07,436.233489290473,-2.46559609905609e-20,436.233752828772
0.81,5.05094331574849e-06,491.869152381772,-2.17173144764979e-20,491.869555560557
0.815,1.10396511427835e-05,547.532864755951,-1.82058082048182e-20,547.533456426116
0.82,1.86408830120523e-05,602.898449751912,-1.47646849494499e-20,602.899286441835
0.825,2.79028382383268e-05,657.633547743073,-1.11082978907485e-20,657.634692795418
0.83,3.88390279021897e-05,711.401876566691,-6.80642095915274e-21,711.403398800624
0.835,5.14256874506792e-05,763.865552324402,-1.84262327943948e-21,763.867524246147
0.84,6.56005512466253e-05,814.687452949034,3.52612935952495e-21,814.689948560622
0.845,8.12612205094156e-05,863.533606514316,9.3877301308478e-21,863.536698756697
0.85,9.82648880557476e-05,910.075585887978,1.62216256383159e-20,910.079343802552
0.855,0.000116429774663164,953.992891167392,2.34697845693072e-20,953.997376902142
0.86,0.00013553682603081,994.975301377468,3.15409402470139e-20,994.980567147682
0.865,0.000155332668739192,1032.72517701308,4.09334133498965e-20,1032.73126213995
0.87,0.000175534047647122,1066.9596952505,5.03985396970048e-20,1066.96662345327
0.875,0.000195831465938032,1097.41300020742,6.05256916199207e-20,1097.42077725057
0.88,0.000215898442215508,1123.83825103396,7.02439849126054e-20,1123.84686292686
0.885,0.000235390955181848,1146.00955163768,7.95242454906301e-20,1146.01896337187
0.89,0.000253966017370739,1163.72374610561,8.74286755180985e-20,1163.73390129007
0.895,0.000271275179513138,1176.80206593531,9.36045698495928e-20,1176.81288699111
0.9,0.000286986682373043,1185.091614712,9.87979509412541e-20,1185.10300415904
0.905,0.000300781699543618,1188.46667897472,1.02300929938063e-19,1188.47852131548
0.91,0.000312368709557145,1186.82985348384,1.05211075479613e-19,1186.84201800126
0.915,0.000321489323871816,1180.11297187463,1.08390931191209e-19,1180.12531610101
0.92,0.000327924356253904,1168.27783447258,1.11027240665011e-19,1168.29020821708
0.925,0.00033150059646747,1151.31672672917,1.13480828641612e-19,1151.32897654823
0.93,0.00033209632244193,1129.252723408,1.1584175947719e-19,1129.26469733511
0.935,0.0003296453065775,1102.13977525576,1.17858024349124e-19,1102.15132758336
0.94,0.000324139603877789,1070.0625765484,1.19364045430198e-19,1070.07357245497
0.945,0.00031563115248114,1033.13621359278,1.207306114188e-19,1033.14653341413
0.95,0.000304232366613108,991.505595950566,1.22874479650973e-19,991.515138912629
0.955,0.000290115025816821,945.344673854681,1.25375636124876e-19,945.35336108793
0.96,0.000273507692373351,894.855446918784,1.30378265063957e-19,894.863223610142
0.965,0.000254691658351663,840.266770867038,1.36868162827239e-19,840.27360743983
0.97,0.000233995851676724,781.832970564443,1.4493525764926e-19,781.838862832815
0.975,0.000211790674594848,719.832269149225,1.53803337123251e-19,719.837237438665
0.98,0.000188480226187981,654.565044515126,1.63165850775191e-19,654.569131774064
0.985,0.000164494091532963,586.351925718427,1.71501058958802e-19,586.355194698979
0.99,0.000140279090074804,515.531743115425,1.78867940109979e-19,515.534272771755
0.995,0.000116286799430754,442.459347257485,1.84574404100126e-19,442.461228498734
1,9.29713396530824e-05,367.50331247447,1.87335538042767e-19,367.504643515571
1.005,7.07667422155277e-05,291.115366114016,1.87237865719918e-19,291.116247780199
1.01,5.00930601286371e-05,213.679617381564,1.84025921038757e-19,213.680147920642
1.015,3.13330611748457e-05,135.474760079338,1.78315844412297e-19,135.475030275437
1.02,1.48339043986277e-05,56.7822595624821,1.70526469094426e-19,56.7823488167199
1.025,8.9455767949775e-07,-22.1146607451883,1.61286112859491e-19,-22.1146877801593
1.03,-1.02401044447818e-05,-100.932039261581,1.51183417944552e-19,-100.93213538203
1.035,-1.8383427779534e-05,-179.386198871125,1.40842736596029e-19,-179.386336290149
1.04,-2.34092701829623e-05,-257.194768565972,1.30805365071346e-19,-257.194940101622
1.045,-2.52528732677175e-05,-334.077700411683,1.21590122079631e-19,-334.077919865932
1.05,-2.3909416576454e-05,-409.758278153909,1.13318524717112e-19,-409.758579879587
1.055,-1.94307569274373e-05,-483.964113810445,1.06173377133353e-19,-483.964551491837
1.06,-1.19207868760362e-05,-556.428128639436,1.00588220204339e-19,-556.428773337718
1.065,-1.5297281353417e-06,-626.889514928273,9.67746657855153e-20,-626.890452470546
1.07,1.15517383647374e-05,-695.094675133143,9.36984987553592e-20,-695.096002934932
1.075,2.70986473012636e-05,-760.798134967925,9.10450563738961e-20,-760.799958402355
1.08,4.48578289136863e-05,-823.763427144295,8.85045783660837e-20,-823.765855584893
1.085,6.45537061375118e-05,-883.763942567748,8.5826104470512e-20,-883.767085247694
1.09,8.58931879541905e-05,-940.583745935517,8.2910378816436e-20,-940.587707757529
1.095,0.000108569613062725,-994.018352810454,7.90251906147623e-20,-994.023230232266
1.1,0.000132266547026,-1043.87546535304,7.44034388769901e-20,-1043.88134249444
1.105,0.000156660645074038,-1089.97566406694,6.93846634119889e-20,-1089.98260918021
1.11,0.000181423745657347,-1132.15305314269,6.2524657376213e-20,-1132.16111551289
1.115,0.000206226377901698,-1170.25585699119,5.45115253363438e-20,-1170.26506441701
1.12,0.000230736096663937,-1204.14696595335,4.64372386399718e-20,-1204.15732282384
1.125,0.000254627001902328,-1233.70442905079,3.85665069192176e-20,-1233.71591520237
1.13,0.00027757192463125,-1258.82189238358,3.14851577270884e-20,-1258.83446253948
1.135,0.00029925768674633,-1279.40898100491,2.52486116882475e-20,-1279.42256518953
1.14,0.000319377263834622,-1295.39162374453,1.83544752304556e-20,-1295.40612821547
1.145,0.000337642246246012,-1306.71231896078,1.11200551534149e-20,-1306.72762805057
1.15,0.000353782208577797,-1313.33034100737,2.34780592081164e-21,-1313.34631952119
1.155,0.000367551399629599,-1315.22188622608,-7.60594758813584e-21,-1315.23838248536
1.16,0.000378734012819701,-1312.380158145,-1.79622476139724e-20,-1312.3970075596
1.165,0.000387148393947903,-1304.81539159133,-2.77024668597625e-20,-1304.83242062531
1.17,0.000392651028818598,-1292.55481561578,-3.54010483796824e-20,-1292.57184602669
1.175,0.000395140944101121,-1275.64255534146,-4.13763337544227e-20,-1275.65940859245
1.18,0.000394562828876268,-1254.13947314022,-4.56414563774155e-20,-1254.15597483414
1.185,0.000390909054781518,-1228.12294970054,-4.89264876070283e-20,-1228.13893389234
1.19,0.000384220534303902,-1197.68660577208,-5.22092674160272e-20,-1197.70191901943
1.195,0.000374586552247517,-1162.93996557395,-5.55102717364557e-20,-1162.9544706009
1.2,0.000362143771495956,-1124.00806306057,-5.82166653491403e-20,-1124.02164192833
1.205,0.000347073869769747,-1081.03099246642,-6.04280799718846e-20,-1081.04354914253
1.21,0.000329600109974424,-1034.16340472368,-6.44062116625243e-20,-1034.17486696675
1.215,0.000309982894480481,-983.573951550617,-6.95127937834641e-20,-983.584272044732
1.22,0.000288514970553146,-929.444679169028,-7.44065395320302e-20,-929.453835886901
1.225,0.000265516165311324,-871.970373818636,-7.93735213494237e-20,-871.978369609569
1.23,0.000241327344364033,-811.357861416403,-8.34004417776579e-20,-811.364722825282
1.235,0.000216304495947954,-747.825263854847,-8.65669015732836e-20,-747.831039207576
1.24,0.000190813267246372,-681.601214557559,-8.88268071868206e-20,-681.605971409336
1.245,0.000165221701400468,-612.924036153334,-9.01264724448808e-20,-612.927858160136
1.25,0.000139898558309193,-542.040883163183,-8.94919116500312e-20,-542.04386650422
1.255,0.000115200917655053,-469.206852830248,-8.77125536364307e-20,-469.209102266017
1.26,9.14804812677852e-05,-394.684067167465,-8.42735435789231e-20,-394.685691944684
1.265,6.90651639117472e-05,-318.740729737034,-7.97713646960263e-20,-318.741839341748
1.27,4.82684661034738e-05,-241.650160255758,-7.47748324870678e-20,-241.650860317065
1.275,2.93769820341694e-05,-163.689810805037,-6.98181782576753e-20,-163.69019914685
1.28,1.26505822176613e-05,-85.1402669779964,-6.51574333454178e-20,-85.1404300239119
1.285,-1.68029966249109e-06,-6.28423766980632,-6.10516982365039e-20,-6.2842472935184
1.29,-1.34185946815462e-05,72.5944628612851,-5.75484657168196e-20,72.5945519409638
1.295,-2.24027248000776e-05,151.211936993135,-5.46636396739646e-20,151.212089181162
1.3,-2.85083098014171e-05,229.285226092132,-5.23970217572e-20,229.285426189774
1.305,-3.16497565758026e-05,306.533329519905,-5.05215440298961e-20,306.533583262644
1.31,-3.17821090935267e-05,382.678216612065,-4.87619719387961e-20,382.678550452317
1.315,-2.89020114249328e-05,457.445827962136,-4.68598025766184e-20,457.446288103602
1.32,-2.30481608749212e-05,530.567062385166,-4.45235038976058e-20,530.567713100426
1.325,-1.43010736742261e-05,601.778745984888,-4.16240595150025e-20,601.779667274459
1.33,-2.78258136881061e-06,670.824579824588,-3.85300589693832e-20,670.825864490364
1.335,1.13451462986533e-05,737.456062775469,-3.48570617573696e-20,737.457812999099
1.34,2.78814689569669e-05,801.433386200686,-3.06261176966191e-20,801.435709739911
1.345,4.65899033567173e-05,862.526297242446,-2.53833941918863e-20,862.529303372363
1.35,6.7201453667875e-05,920.514927594577,-1.96121369527818e-20,920.518722932547
1.355,8.94180336334963e-05,975.190584795957,-1.33915611010802e-20,975.195269131102
1.36,0.00011291685714217,1026.35650317679,-6.31057383589262e-21,1026.3621654453
1.365,0.000137355526216354,1073.82855174634,2.04387510374301e-21,1073.83526630202
1.37,0.000162376750224703,1117.4358965107,1.00003772408011e-20,1117.44371980299
1.375,0.000187614513489681,1157.02161485002,1.81878255052615e-20,1157.03058260707
1.38,0.000212699121061276,1192.44325970606,2.66055060834678e-20,1192.45338475685
1.385,0.00023726261824017,1223.57337166827,3.55147736909495e-20,1223.58464241663
1.39,0.000260945609549834,1250.29993698565,4.42128401348288e-20,1250.31231667656
1.395,0.000283401864468362,1272.52679005994,5.30511115470992e-20,1272.54021677173
1.4,0.000304304320870883,1290.17395880516,6.14337822051351e-20,1290.18834626504
1.405,0.000323347949890884,1303.17795185953,6.90707002119107e-20,1303.19319094801
1.41,0.000340257014114388,1311.4919863836,7.69724920097463e-20,1311.50794742333
1.415,0.000354786683300229,1315.08615591795,8.47140750897932e-20,1315.10269154656
1.42,0.000366726990026995,1313.94753751633,9.36815457046764e-20,1313.96448612069
1.425,0.000375906245164292,1308.0802378437,1.02329823352651e-19,1308.09742745616
1.43,0.000382192991961103,1297.50537811718,1.12381711822864e-19,1297.52263062848
1.435,0.000385497302807466,1282.26101793462,1.23076830648209e-19,1282.27815348684
1.44,0.000385771809447726,1262.4020182548,1.33486206877855e-19,1262.41885968688
1.445,0.000383012493563848,1237.99984402261,1.4341057262314e-19,1238.01622124082
1.45,0.000377258526506685,1209.142307169,1.52724210747505e-19,1209.15806129537
1.455,0.000368591528941521,1175.93325089474,1.60453884386641e-19,1175.94823806326
1.46,0.000357134115846885,1138.49217636931,1.67867430511808e-19,1138.50627104584
1.465,0.000343048264404978,1096.95381315593,1.73659053887447e-19,1096.96691089187
1.47,0.000326533246824357,1051.46763490234,1.7844855456167e-19,1051.47965444081
1.475,0.000307822855363219,1002.19732203062,1.810144558507e-19,1002.20820669552
1.48,0.000287182021603294,949.320173339747,1.83134077457858e-19,949.329891661115
1.485,0.000264903126002135,893.026468607906,1.84312625450304e-19,893.035014169985
1.49,0.000241302329821699,833.518784451073,1.85722045355983e-19,833.526174989931
1.495,0.000216714890642645,771.01126591198,1.86645160594938e-19,771.01754168016
1.5,0.000191490500252143,705.728856375852,1.86974281697545e-19,705.734077819372
1.505,0.000165988936241898,637.906488522665,1.86641816854659e-19,637.910733379777
1.51,0.000140572810324992,567.788239275204,1.85944130891552e-19,567.791599160943
1.515,0.000115607806805353,495.626451694785,1.85064255727773e-19,495.629028326474
1.52,9.1448361829678e-05,421.680827090287,1.82857012784786e-19,421.682728205153
1.525,6.84418749694064e-05,346.217490424111,1.79939245946906e-19,346.218825624991
1.53,4.69174830308022e-05,269.508032569778,1.76308785197785e-19,269.508909144045
1.535,2.71834659167216e-05,191.828532723812,1.72332343286078e-19,191.829051624873
1.54,9.52322656519434e-06,113.458564559762,1.68020977091248e-19,113.458816670371
1.545,-5.81069451167725e-06,34.680189706276,1.63684248923784e-19,34.6802524966755
1.55,-1.85992390390618e-05,-44.2230578405834,1.59450096926966e-19,-44.2231231358347
1.555,-2.86596848775575e-05,-122.967192678378,1.55432157683944e-19,-122.967343280293
1.56,-3.58491025818151e-05,-201.268800649206,1.51750548032294e-19,-201.26901377774
1.565,-4.00663796881005e-05,-278.846059482763,1.48347866800659e-19,-278.846333170037
1.57,-4.12535326793166e-05,-355.419753733269,1.45346732031971e-19,-355.420106880828
1.575,-3.9396221933295e-05,-430.714280332824,1.42349754594652e-19,-430.714752014501
1.58,-3.45240913757458e-05,-504.458641126363,1.39363173661896e-19,-504.459289157042
1.585,-2.67104353330156e-05,-576.387418794377,1.36433549176849e-19,-576.388317609272
1.59,-1.60710222614873e-05,-646.241732627517,1.32527485307118e-19,-646.2429705428
1.595,-2.76225649152818e-06,-713.770170695159,1.27823070669949e-19,-713.771846641031
1.6,1.30213652757511e-05,-778.729695033981,1.22039106423271e-19,-778.731914872452
1.605,3.10498586428555e-05,-840.886516601164,1.15050568816102e-19,-840.88938913988
1.61,5.10610237010587e-05,-900.016936824948,1.07508804809513e-19,-900.020569657975
1.615,7.27643819634644e-05,-955.908152714557,9.94937295443393e-20,-955.91264803088
1.62,9.58455504900021e-05,-1008.35902262335,9.08067133237626e-20,-1008.36447313266
1.625,0.000119970372737862,-1057.18078994624,8.22302109961657e-20,-1057.18727503411
1.63,0.000144790005120564,-1102.19776212696,7.38048041399604e-20,-1102.2053443707
1.635,0.00016994588869653,-1143.24794251824,6.48484789339391e-20,-1143.25666470648
1.64,0.00019507380612967,-1180.18361291205,5.57573350510768e-20,-1180.19349561837
1.645,0.000219812263526498,-1212.87186453665,4.65389941613368e-20,-1212.88290440206
1.65,0.000243801102559069,-1241.1950758388,3.90762475254481e-20,-1241.20724448626
1.655,0.000266696308892675,-1265.05133496663,3.25770697950661e-20,-1265.06457883328
1.66,0.000288164532457687,-1284.3548060483,2.72592991341298e-20,-1284.36904680231
1.665,0.000307896764482537,-1299.03603725336,2.21903817582713e-20,-1299.05117315497
1.67,0.000325606014017776,-1309.04221025162,1.70487298863568e-20,-1309.0581180912
1.675,0.000341035149722129,-1314.33732963288,1.15685500171185e-20,-1314.35386741543
1.68,0.000353960061995291,-1314.90235194212,7.67485649834397e-21,-1314.9193621488
1.685,0.000364192186432742,-1310.73525380817,4.69217545793434e-21,-1310.75256712095
1.69,0.00037158133397038,-1301.8510388998,1.57750622460746e-21,-1301.86847829438
1.695,0.000376018408167204,-1288.28168370004,-2.03904051925951e-21,-1288.29906879519
1.7,0.000377436902980603,-1270.07602233444,-5.94686630472323e-21,-1270.09317384438
1.705,0.000375813771283285,-1247.29957085432,-1.09029701315407e-20,-1247.31631500376
1.71,0.000371169544422845,-1220.03429160987,-1.45654346045065e-20,-1220.05046436911
1.715,0.000363568341360431,-1188.37829853345,-1.86005411935343e-20,-1188.39374955912
1.72,0.000353117050809906,-1152.44550440852,-2.20255343948117e-20,-1152.46010056196
1.725,0.00033996376528707,-1112.36521137998,-2.54465411146196e-20,-1112.37883971034
1.73,0.000324295506131181,-1068.28164616465,-2.8552615144507e-20,-1068.29421626075
1.735,0.000306335395139905,-1020.35344161261,-3.16931690511804e-20,-1020.36488725194
1.74,0.000286339725640694,-968.753066448979,-3.40537229225235e-20,-968.763346510868
1.745,0.00026459423994627,-913.666205252426,-3.64672022153457e-20,-913.675303861224
1.75,0.000241409772246821,-855.291090879236,-3.79258809656942e-20,-855.299016768607
1.755,0.000217117770281063,-793.837791703474,-3.92713671375307e-20,-793.844576827717
1.76,0.000192065822954918,-729.527456195854,-4.10223522441312e-20,-729.533153659519
1.765,0.000166611843134093,-662.591517590186,-4.32046479179822e-20,-662.59619893941
1.77,0.000141120545682844,-593.270861443263,-4.58305459917896e-20,-593.274613421148
1.775,0.000115955139625938,-521.814959079693,-4.87209304361598e-20,-521.817879954267
1.78,9.14776168708195e-05,-448.480970014585,-5.22746054019552e-20,-448.48316561524
1.785,6.8034985043638e-05,-373.532816642604,-5.60949841144861e-20,-373.534396183693
1.79,4.59643028018379e-05,-297.240234375615,-5.97085872023804e-20,-297.24130629463
1.795,2.5579092548912e-05,-219.877800837356,-6.26486341473481e-20,-219.878468684998
1.8,7.17008826056526e-06,-141.723947433919,-6.45707907844644e-20,-141.724306028346
1.805,-8.99987228809396e-06,-63.0599569798251,-6.51763369054183e-20,-63.0600889138811
1.81,-2.27009178279385e-05,15.8310490426229,-6.42434106374386e-20,15.831076423952
1.815,-3.37387543976004e-05,94.6651299387122,-6.17042532905043e-20,94.6652669821675
1.82,-4.19568988760889e-05,173.158548270447,-5.74750430785432e-20,173.15876480547
1.825,-4.72393683883268e-05,251.028791645644,-5.1654618960781e-20,251.029078064497
1.83,-4.95125414212604e-05,327.99559013245,-4.43356065462428e-20,327.995957721369
1.835,-4.8746114126974e-05,403.781925612759,-3.59855425095257e-20,403.782406123568
1.84,-4.49533745803026e-05,478.115029418121,-2.68007242226834e-20,478.115673896399
1.845,-3.81908781552313e-05,550.727364635972,-1.72973948617866e-20,550.728241546166
1.85,-2.85579424944368e-05,621.357589538267,-8.24786009376861e-21,621.358782241502
1.855,-1.61952524807081e-05,689.751498639558,-1.785476177314e-22,689.753102307723
1.86,-1.28280716188284e-06,755.66293798175,6.75070518265369e-21,755.665056049608
1.865,1.59628665658672e-05,818.85469133261,1.28477922625194e-20,818.857431610044
1.87,3.52917560802198e-05,879.099334108712,1.77026672458859e-20,879.102804676596
1.875,5.6423698840483e-05,936.180051947002,2.16164534897423e-20,936.184356963413
1.88,7.90525401808214e-05,989.891420962758,2.47952082550982e-20,989.896656522949
1.885,0.00010285074249061,1040.04014687832,2.85207960429324e-20,1040.04639707911
1.89,0.000127473716719304,1086.44576040164,3.09288569336367e-20,1086.45309372111
1.895,0.000152565203873973,1128.94126634514,3.27259942577874e-20,1128.94973245426
1.9,0.000177762311456185,1167.3737441224,3.50548254742959e-20,1167.38337126998
1.905,0.000202699466906658,1201.60489757704,3.85165841550097e-20,1201.61569057189
1.91,0.000227016300000411,1231.51155202543,4.34551887988085e-20,1231.52349097697
1.915,0.00025036052502909,1256.98609694238,4.93211654015541e-20,1256.9991367003
1.92,0.000272394998425235,1277.93687250487,5.61691651777784e-20,1277.95094292769
1.925,0.000292799257400235,1294.28849886798,6.45699968942974e-20,1294.30350578194
1.93,0.000311278201614773,1305.9821467102,7.40872874292043e-20,1305.99797369543
1.935,0.000327564100345889,1312.97574838718,8.49219939772456e-20,1312.99225921219
1.94,0.000341419991395595,1315.24414880416,9.64615343928987e-20,1315.26119045727
1.945,0.00035264436116357,1312.77919545189,1.07894245646503e-19,1312.79660172834
1.95,0.000361073779898713,1305.58976738725,1.1922542294945e-19,1305.60736288339
1.955,0.000366584910191654,1293.70174303396,1.30352075465119e-19,1293.71934741881
1.96,0.000369096100436562,1277.15790691824,1.39420497586314e-19,1277.17533935277
1.965,0.000368568992087486,1256.01779566288,1.458165566257e-19,1256.03487924891
1.97,0.000365009054844084,1230.35748382722,1.50405383576046e-19,1230.37404993466
1.975,0.000358465447667905,1200.26931034988,1.53715118621433e-19,1200.28520268517
1.98,0.000349030105806035,1165.86154657452,1.56548719197969e-19,1165.87662485848
1.985,0.000336836435657071,1127.25800702958,1.57928359936597e-19,1127.27215017797
1.99,0.000322057631581093,1084.59760434795,1.59809854432059e-19,1084.61071306466
1.995,0.000304904171523674,1038.03384992719,1.62008895882607e-19,1038.04584862333
2,0.000285620679845889,987.734302104127,1.64851046672433e-19,987.745140081946
2.005,0.000264482212064766,933.87996381061,1.68524592495833e-19,933.889615673018
2.01,0.00024179063640901,876.664631829935,1.72583415605077e-19,876.673097127428
2.015,0.000217870246251921,816.294200003253,1.77111284830628e-19,816.301502125514
2.02,0.000193062805228614,752.985918878756,1.81157461869863e-19,752.992103215778
2.025,0.000167723157356507,686.967614417219,1.85003074357536e-19,686.972745868366
2.03,0.000142213298012503,618.476868556339,1.87990756580111e-19,618.481028477356
2.035,0.00011689819157107,547.760164595718,1.90128457246387e-19,547.763447263196
2.04,9.21398657270068e-05,475.072000412027,1.91639538344149e-19,475.074509152426
2.045,6.82926520284919e-05,400.673972747736,1.92462982078616e-19,400.675815827612
2.05,4.56968605208828e-05,324.833835807156,1.91952994209848e-19,324.835122243775
2.055,2.46751255632997e-05,247.824537580073,1.90298353734952e-19,247.825372999696
2.06,5.52830003713671e-06,169.923237341824,1.87682040012971e-19,169.923720032101
2.065,-1.14710533344182e-05,91.4103079024862,1.84236879895489e-19,91.4105251679875
2.07,-2.60804843603018e-05,12.5683261608683,1.7992222366958e-19,12.5683511247901
2.075,-3.80917231866913e-05,-66.3189443513838,1.74920174284572e-19,-66.3190554102615
2.08,-4.73342638816826e-05,-144.967575278413,1.69490174535115e-19,-144.967784961822
2.085,-5.36775567264839e-05,-223.094495903821,1.63723655442742e-19,-223.09478703394
2.09,-5.7032557514707e-05,-300.418512563316,1.57905608616925e-19,-300.418888786195
2.095,-5.73530122154971e-05,-376.661321318945,1.52169931358739e-19,-376.661806952289
2.1,-5.463645300089e-05,-451.548510232136,1.46859137141498e-19,-451.549149359293
2.105,-4.89241920341734e-05,-524.810547603101,1.41930697318855e-19,-524.811402443172
2.11,-4.03006669088483e-05,-596.183752598361,1.36568668354746e-19,-596.18490120656
2.115,-2.88919981461804e-05,-665.411244749888,1.30676118911099e-19,-665.412778128036
2.12,-1.48642927334777e-05,-732.24386890051,1.2438059001672e-19,-732.245887607815
2.125,1.57856096496756e-06,-796.441092250985,1.17856718275651e-19,-796.443702622873
2.13,2.0197862005597e-05,-857.771870263412,1.11476519574334e-19,-857.775180364474
2.135,4.07237095218942e-05,-916.015478292902,1.05139315777538e-19,-916.019593742798
2.14,6.28589327250657e-05,-970.962305954941,9.86991082144033e-20,-970.9673257661
2.145,8.62830125570141e-05,-1022.41461138915,9.1828657230876e-20,-1022.42062393553
2.15,0.000110657021915847,-1070.18723267853,8.49261830212523e-20,-1070.19431194057
2.155,0.000135628423787936,-1114.10825386591,7.78823899436545e-20,-1114.11645609379
2.16,0.000160835602750842,-1154.01962324099,7.00736742051415e-20,-1154.02898410646
2.165,0.00018591519755797,-1189.77772159445,6.124246046068e-20,-1189.7882539781
2.17,0.000210501877085568,-1221.25387854934,5.16553296141256e-20,-1221.26557095255
2.175,0.000234243173605632,-1248.33483486466,4.23102545436444e-20,-1248.34765068012
2.18,0.00025679204370971,-1270.92314956035,3.15244460989804e-20,-1270.93702691893
2.185,0.000277825255620654,-1288.93754967426,1.9865697212504e-20,-1288.95240230811
2.19,0.000297036361189683,-1302.31322232534,8.22571579174442e-21,-1302.32894095055
2.195,0.000314147455667926,-1311.00204718609,-3.1790290509178e-21,-1311.01850175205
2.2,0.000328910612571928,-1314.97276914534,-1.40381400340927e-20,-1314.98981167732
2.205,0.000341110964962379,-1314.21111031822,-2.29880834102046e-20,-1314.22857829914
2.21,0.000350570795863207,-1308.71982100364,-3.06707033499378e-20,-1308.73754123564
2.215,0.000357152030097275,-1298.5186694911,-3.56777418891381e-20,-1298.53646229063
2.22,0.000360758020579474,-1283.64437074198,-4.01616005552804e-20,-1283.66205433247
2.225,0.000361334623930253,-1264.15045420755,-4.33103639409199e-20,-1264.16784916739
2.23,0.000358871288140499,-1240.1070712356,-4.61607281725119e-20,-1240.12400488275
2.235,0.000353401331749883,-1211.60074278181,-4.78603195242658e-20,-1211.61705335375
2.24,0.000345001419807285,-1178.73404832864,-5.10714462437519e-20,-1178.74958882208
2.245,0.000333790353396017,-1141.62525711879,-5.44003718959481e-20,-1141.63989866745
2.25,0.000319927179397859,-1100.4079030176,-5.757099977718e-20,-1100.42153770076
2.255,0.000303609179212262,-1055.23030449892,-6.01645704613066e-20,-1055.242847511
2.26,0.000285069083278503,-1006.25503148701,-6.2096454609568e-20,-1006.26642259573
2.265,0.000264571626159828,-953.658320949628,-6.38756978592997e-20,-953.668525196448
2.27,0.00024240951075964,-897.629443329737,-6.53313938588763e-20,-897.638450944871
2.275,0.000218899478266363,-838.370022043531,-6.62922822572115e-20,-838.377847603103
2.28,0.000194377754912538,-776.093308495263,-6.82692367874985e-20,-776.099989349382
2.285,0.000169194843091847,-711.02341521448,-7.0699974668576e-20,-711.029009221422
2.29,0.00014371134698299,-643.394509817761,-7.35378957414321e-20,-643.399092479453
2.295,0.000118290793920476,-573.44997270067,-7.66259879859726e-20,-573.453633792197
2.3,9.32987819043571e-05,-501.441521468452,-7.92153167964137e-20,-501.4443612789
2.305,6.90899341513652e-05,-427.628305285012,-8.13096992410244e-20,-427.630430559926
2.31,4.60139470038204e-05,-352.275972275591,-8.26288843047021e-20,-352.27749207638
2.315,2.43973592893055e-05,-275.655713544922,-8.30348177132633e-20,-275.656735035397
2.32,4.55049930096184e-06,-198.043286982385,-8.27499127755531e-20,-198.043911421839
2.325,-1.32433331707e-05,-119.718024620994,-8.17482660497916e-20,-119.718343588925
2.33,-2.87307880381963e-05,-40.9618269757011,-7.99560376580022e-20,-40.9619189993883
2.335,-4.16910145194263e-05,37.9418519544452,-7.73086958577928e-20,37.9419242649822
2.34,-5.19394746983936e-05,116.709025351549,-7.37920373437474e-20,116.70921757436
2.345,-5.933093812953e-05,195.056196232341,-6.9485023621866e-20,195.056483731301
2.35,-6.37613675201894e-05,272.701378386209,-6.43335361936843e-20,272.701757182533
2.355,-6.51691235161127e-05,349.365111898263,-5.84057851042358e-20,349.365598790471
2.36,-6.35358589581164e-05,424.771469583477,-5.20999257204784e-20,424.772101512335
2.365,-5.88870840470913e-05,498.649050692016,-4.5316603189165e-20,498.649883367577
2.37,-5.1291767862555e-05,570.731958283537,-3.81544127805912e-20,570.733064119945
2.375,-4.08612922034335e-05,640.760756732594,-3.06944947647301e-20,640.762222159228
2.38,-2.77476256305753e-05,708.483405897296,-2.36794862655278e-20,708.485328138901
2.385,-1.21412609258921e-05,773.656168582875,-1.68222895251951e-20,773.658652009614
2.39,5.73133511702952e-06,836.044488021063,-1.01517965591591e-20,836.047640184177
2.395,2.56110281688284e-05,895.423832191311,-3.81068912257519e-21,895.42775967719
2.4,4.7209951492915e-05,951.580501934208,2.23962694453294e-21,951.585306181296
2.405,7.02155889239664e-05,1004.31239995858,8.50752940979088e-21,1004.31817317197
2.41,9.42949798397626e-05,1053.42975799117,1.51881468919786e-20,1053.4365792727
2.415,0.000119099999437818,1098.75581942151,2.29254841865109e-20,1098.76375126303
2.42,0.000144271792238767,1140.12747500788,3.08135023426897e-20,1140.13656027128
2.425,0.000169446362223214,1177.39584941556,3.80078951397625e-20,1177.40610886228
2.43,0.000194259868725025,1210.42683639551,4.63888913669691e-20,1210.4382669074
2.435,0.000218352833756452,1239.10158083462,5.47380064348318e-20,1239.11415430812
2.44,0.000241376979176148,1263.31690577606,6.48516171507121e-20,1263.33056883603
2.445,0.000262999154645685,1282.98568311175,7.585961192106e-20,1283.00035754943
2.45,0.000282907090906715,1298.03714642642,8.526396296887e-20,1298.05273044977
2.455,0.00030081149850167,1308.41714510735,9.39119022779487e-20,1308.43351524923
2.46,0.000316453209734331,1314.08833856003,1.01313330371749e-19,1314.10535233242
2.465,0.000329605484101446,1315.03033010279,1.07500777598074e-19,1315.0478292107
2.47,0.000340076790943177,1311.23973995374,1.1211974065301e-19,1311.25755398506
2.475,0.000347714384831037,1302.73021703782,1.16047334336899e-19,1302.7481675533
2.48,0.0003524064812386,1289.53238964223,1.19754459306278e-19,1289.55029451755
2.485,0.000354083719226269,1271.69375508896,1.23658174770412e-19,1271.71143296873
2.49,0.000352719867996023,1249.27850882574,1.28133909034109e-19,1249.29578354478
2.495,0.000348332393257435,1222.36731352821,1.33345858635136e-19,1222.3840183776
2.5,0.000340982391785835,1191.05700905452,1.38680241381006e-19,1191.0729907606
2.505,0.000330773676268371,1155.4602642956,1.43910199782723e-19,1155.47538658134
2.51,0.000317851200885269,1115.70517215717,1.4973380210183e-19,1115.71931877407
2.515,0.00030239875859107,1071.93478911984,1.56630336570226e-19,1071.94786625148
2.52,0.000284636586420398,1024.30662099367,1.6313056583877e-19,1024.31855897516
2.525,0.00026481829254231,972.99205672021,1.68613704739428e-19,973.002811017841
2.53,0.000243227089419246,918.175752239535,1.72760219077499e-19,918.185303657791
2.535,0.000220171505688241,860.054966621312,1.76028284692059e-19,860.063320725718
2.54,0.000195981274226822,798.838852795718,1.77620365419448e-19,798.846038595962
2.545,0.000171002435943833,734.747705441958,1.77746296180185e-19,734.753773377459
2.55,0.000145592113702998,668.012168737718,1.76697132142364e-19,668.017188013654
2.555,0.000120114607245742,598.872406751103,1.74697287127578e-19,598.876462144993
2.56,9.49327565008977e-05,527.577239508078,1.7276881722858e-19,527.580427721576
2.565,7.04098498433614e-05,454.383247746664,1.70555272883922e-19,454.385673476854
2.57,4.68931752250647e-05,379.553849725169,1.68893680823004e-19,379.555621485257
2.575,2.47220495550376e-05,303.358353155923,1.67543698029401e-19,303.359579127201
2.58,4.21107399490991e-06,226.070985974795,1.66511187437057e-19,226.071769873321
2.585,-1.43457664909278e-05,147.969909157237,1.65738868856264e-19,147.970346376111
2.59,-3.06834247182457e-05,69.3362153437447,1.64854063586706e-19,69.3363894207449
2.595,-4.45692815802032e-05,-9.5470832179235,1.63811337537887e-19,-9.54710366222037
2.6,-5.58056655241265e-05,-88.3960737269008,1.6241922911618e-19,-88.3962374816364
2.605,-6.42326819448122e-05,-166.926965191131,1.60552283886968e-19,-166.927240302604
2.61,-6.97310961761784e-05,-244.8571104076,1.58086879438622e-19,-244.85748531827
2.615,-7.22239294402106e-05,-321.906023860534,1.54842614526992e-19,-321.906507801142
2.62,-7.16774303579678e-05,-397.796391850003,1.5090654807268e-19,-397.797014473238
2.625,-6.81012984988852e-05,-472.255071191234,1.46228841467975e-19,-472.255881462454
2.63,-6.15488148038292e-05,-545.014072876413,1.40316945783751e-19,-545.015137253558
2.635,-5.21161725856888e-05,-615.811527134883,1.33392348181596e-19,-615.812927096267
2.64,-3.99410585726864e-05,-684.392626397359,1.25349106854113e-19,-684.394455399587
2.645,-2.52005439731614e-05,-750.510542752789,1.16477835756169e-19,-750.512902720797
2.65,-8.10839271691099e-06,-813.927316580957,1.0719415598523e-19,-813.930314048874
2.655,1.10877115744344e-05,-874.414713166967,9.78480987625862e-20,-874.418455185647
2.66,3.2109712955256e-05,-931.755044194317,8.82843517249517e-20,-931.759634142359
2.665,5.46533745327843e-05,-985.741951152642,7.88380362512941e-20,-985.747484595815
2.67,7.83927059929769e-05,-1036.18114784196,7.11241947434088e-20,-1036.18770858427
2.675,0.000102984257695033,-1082.89111934042,6.4447655227209e-20,-1082.89877577026
2.68,0.000128072774258004,-1125.70377487832,5.96572002528998e-20,-1125.71257675382
2.685,0.000153295217636893,-1164.4650522977,5.56743003637254e-20,-1164.47502808477
2.69,0.000178287393622128,-1199.03547197532,5.23058984472629e-20,-1199.04662679674
2.695,0.000202686700495543,-1229.29063817607,4.88936812842506e-20,-1229.30295246721
2.7,0.000226141691359577,-1255.12168605882,4.59777346370766e-20,-1255.13511499667
2.705,0.000248313062191642,-1276.43567281761,4.22049326881691e-20,-1276.45014649542
2.71,0.000268878980753633,-1293.15591151786,3.75427821080396e-20,-1293.17133586753
2.715,0.000287542798474101,-1305.22224635131,3.13331541409326e-20,-1305.23850488797
2.72,0.000304033856208393,-1312.59126859568,2.41925015396746e-20,-1312.60822477926
2.725,0.000318112703575014,-1315.23647226284,1.61099385775361e-20,-1315.25397250811
2.73,0.000329575082768942,-1313.14834900533,7.86281827928272e-21,-1313.16622623979
2.735,0.00033825442012472,-1306.33442197488,-6.87121597893629e-22,-1306.35249960634
2.74,0.000344023777032198,-1294.81921849833,-8.92737402404873e-21,-1294.83731466573
2.745,0.000346798088542487,-1278.64418164799,-1.72854185334882e-20,-1278.66211364881
2.75,0.000346535545214275,-1257.86752106129,-2.30783874459362e-20,-1257.88510981214
2.755,0.000343238118065722,-1232.56400354941,-2.73328816288469e-20,-1232.58107793305
2.76,0.00033695139194501,-1202.82468424005,-3.04024764383046e-20,-1202.84108520124
2.765,0.000327763752762591,-1168.75657921383,-3.22277085292936e-20,-1168.77216347519
2.77,0.000315805403451058,-1130.48228078444,-3.54605719049637e-20,-1130.49692408311
2.775,0.000301246524855944,-1088.13951681745,-4.00100729737921e-20,-1088.15311655451
2.78,0.000284294778335507,-1041.88065565051,-4.63442848129235e-20,-1041.89313287065
2.785,0.000265192097449907,-991.87215838426,-5.39199610400841e-20,-991.883459018024
2.79,0.000244211305157777,-938.293980473292,-6.16266588426006e-20,-938.304075818532
2.795,0.000221652426924147,-881.338924755124,-6.83659539241426e-20,-881.347811192899
2.8,0.000197838142021309,-821.21194824214,-7.45649534610785e-20,-821.219646188392
2.805,0.000173109056350009,-758.129425146766,-8.01266027882413e-20,-758.135977268402
2.81,0.000147819290706825,-692.31836873362,-8.38428171831839e-20,-692.323837518849
2.815,0.000122330132569984,-624.015614830761,-8.58453236034401e-20,-624.020079574253
2.82,9.70074757387452e-05,-553.466969892837,-8.64258988053567e-20,-553.470523204007
2.825,7.22120515316099e-05,-480.926326684275,-8.5310592803729e-20,-480.929070626672
2.83,4.83012830995486e-05,-406.654750713558,-8.37098390729058e-20,-406.656792736152
2.835,2.56144598094634e-05,-330.919540807219,-8.13007327866967e-20,-330.920989528419
2.84,4.4776153542134e-06,-253.993267025238,-7.81650660306183e-20,-253.994228110168
2.845,-1.48075399530412e-05,-176.152789574862,-7.43962464730704e-20,-176.153361751571
2.85,-3.19660226534918e-05,-97.6782621198581,-7.02462049785763e-20,-97.6785335134712
2.855,-4.67524322676693e-05,-18.8521231390041,-6.57576092540803e-20,-18.852168034876
2.86,-5.89559195795203e-05,60.0419210231157,-6.10745868079196e-20,60.0420448907462
2.865,-6.84030658382736e-05,138.719917756582,-5.63504072353052e-20,138.720171292389
2.87,-7.49600419339113e-05,216.89869073196,-5.16607093988301e-20,216.899054877183
2.875,-7.85342350977476e-05,294.296859689188,-4.70560017482683e-20,294.29733608729
2.88,-7.90760292360062e-05,370.635853785083,-4.2403595652819e-20,370.636464690468
2.885,-7.65795480484831e-05,445.640914827996,-3.76830422154988e-20,445.64170226011
2.89,-7.10826776871411e-05,519.042086765785,-3.29011222999392e-20,519.043110936903
2.895,-6.26663451808607e-05,590.575187842598,-2.79214161482014e-20,590.576524913627
2.9,-5.14532901113171e-05,659.982761908206,-2.29158843468912e-20,659.984501146763
2.905,-3.76065661796689e-05,727.015005446097,-1.82458576263258e-20,727.017245873516
2.91,-2.13272007298312e-05,791.430666959957,-1.35084331112538e-20,791.433513599526
2.915,-2.85122056947848e-06,852.997915471318,-8.58746349509923e-21,853.001475322209
2.92,1.75539683102904e-05,911.495174986943,-3.56863041082075e-21,911.499552864784
2.925,3.9593152838113e-05,966.711921951373,1.88728207931525e-21,966.71721631844
2.93,6.29474844747408e-05,1018.44944280201,7.78623520741503e-21,1018.45574172267
2.935,8.72793876663884e-05,1066.52154888658,1.44423502068222e-20,1066.52892625691
2.94,0.000112237075975793,1110.75524619283,2.28927760064259e-20,1110.76375836966
2.945,0.000137459785818907,1150.99135752195,3.22712107088118e-20,1151.00104043318
2.95,0.000162583555971432,1187.08509479562,4.42750304947098e-20,1187.09596168311
2.955,0.000187243775104924,1218.90657959349,5.77651416461543e-20,1218.91861938079
2.96,0.000211085618125896,1246.34130983907,7.14776197430058e-20,1246.35448632283
2.965,0.000233762702914121,1269.29057132939,8.44779353937865e-20,1269.30482301545
2.97,0.00025494880247789,1287.67179217109,9.7456315268661e-20,1287.68703302993
2.975,0.000274336092519322,1301.41883942995,1.08896350888561e-19,1301.43496026062
2.98,0.000291644677262657,1310.48225638571,1.1950900701595e-19,1310.49912701547
2.985,0.000306623703278149,1314.82944001523,1.28782920995239e-19,1314.8469120823
2.99,0.000319055514274585,1314.4447578195,1.36949203351019e-19,1314.4626681299
2.995,0.000328759516239456,1309.32960365379,1.4311833366269e-19,1309.34777802157
3,0.000335594494510592,1299.50239241351,1.48443931416002e-19,1299.52064983829
3.005,0.000339460307287501,1284.99849358213,1.52647460042012e-19,1285.01665062948
3.01,0.000340299319357362,1265.87010387212,1.5649733964683e-19,1265.88797912986
3.015,0.000338097588603711,1242.18605941625,1.60435720707435e-19,1242.20347790034
3.02,0.000332885028789703,1214.03158820787,1.62783574174621e-19,1214.04838556916
3.025,0.000324734922343138,1181.50800366489,1.63931746421977e-19,1181.52403006486
3.03,0.000313762642101082,1144.73234041631,1.65013332909247e-19,1144.74746394515
3.035,0.000300124105268663,1103.83693359062,1.67110124582824e-19,1103.85104313416
3.04,0.000284013718440647,1058.96894311319,1.68645187202045e-19,1058.98195058396
3.045,0.000265661548724237,1010.28982471641,1.69892158654336e-19,1010.30166657493
3.05,0.000245329847935208,957.974749544828,1.69838369445625e-19,957.985387561108
3.055,0.000223309188780022,902.211974416463,1.69043283954854e-19,902.221395652134
3.06,0.000199914640796228,843.202164966089,1.67215626904876e-19,843.210381000996
3.065,0.000175480979823399,781.157674118214,1.653639680406e-19,781.164719536193
3.07,0.000150357797252117,716.301778462985,1.63458622278054e-19,716.307708637731
3.075,0.000124905118050568,648.867875222626,1.62276863887939e-19,648.87276350766
3.08,9.94860881797021e-05,579.098642735968,1.61012934862503e-19,579.102577127465
3.085,7.44670841221506e-05,507.245167410874,1.60257454490132e-19,507.248246825348
3.09,5.0203546991613e-05,433.566040366284,1.59876915447317e-19,433.568370597031
3.095,2.70441677372285e-05,358.32642685861,1.60245689886458e-19,358.328116432219
3.1,5.31991578737941e-06,281.797112007502,1.61197743189386e-19,281.79826799617
3.105,-1.46589553245348e-05,204.253526130316,1.62629303322336e-19,204.25425010096
3.11,-3.26061884140251e-05,125.974753244176,1.64391138160049e-19,125.975137473498
3.115,-4.82658349718725e-05,47.2425263256373,1.66138897575159e-19,47.2426503879541
3.12,-6.14147144084742e-05,-31.6597870811747,1.6749758078863e-19,-31.6598592230416
3.125,-7.18651975555556e-05,-110.448205214681,1.68112500436337e-19,-110.448427529379
3.13,-7.94687081342676e-05,-188.839154724097,1.67624344294386e-19,-188.8395007666
3.135,-8.41178032537123e-05,-266.550491879429,1.65968994120782e-19,-266.55095572325
3.14,-8.57475702017638e-05,-343.302518662356,1.6269504517003e-19,-343.30311507979
3.145,-8.43362651330561e-05,-418.818990056992,1.57888151991999e-19,-418.819753944917
3.15,-7.99058325354004e-05,-492.828108899332,1.51768386290099e-19,-492.829093966893
3.155,-7.25217537324608e-05,-565.063504682988,1.44493844053145e-19,-565.064781442156
3.16,-6.22920660310326e-05,-635.265192775048,1.36396096611386e-19,-635.266845900955
3.165,-4.93657200001131e-05,-703.180510571252,1.27708711092721e-19,-703.182635720379
3.17,-3.39302273425363e-05,-768.565027201865,1.18983112773204e-19,-768.567727397329
3.175,-1.62092292287871e-05,-831.183423516046,1.10493480877965e-19,-831.186805209192
3.18,3.54063677945835e-06,-890.810339158241,1.01757241053513e-19,-890.814508096343
3.185,2.50335528537885e-05,-947.231183678967,9.27522442843315e-20,-947.236240718574
3.19,4.79588287572037e-05,-1000.24290875125,8.45562469012028e-20,-1000.2489457666
3.195,7.19850102012225e-05,-1049.65473874817,7.73985253196751e-20,-1049.6618347491
3.2,9.67648755547925e-05,-1095.28885703537,7.12186839417489e-20,-1095.29707462527
3.205,0.000121940556963967,-1136.981045492,6.51431084093801e-20,-1136.99042781168
3.21,0.000147147540996933,-1174.58127504506,6.1277961277629e-20,-1174.59184326029
3.215,0.000172023251993892,-1207.9542450006,5.75768181879172e-20,-1207.96599648013
3.22,0.000196205255198811,-1236.9798694346,5.55125202991183e-20,-1236.99277655938
3.225,0.000219347304951874,-1261.55370854747,5.35568169673353e-20,-1261.56771843491
3.23,0.000241112107544471,-1281.58734405605,5.13745715048511e-20,-1281.60237885372
3.235,0.000261187019275227,-1297.00869652095,4.85404516828095e-20,-1297.02465467314
3.24,0.000279280591060317,-1307.76228427164,4.51261028743933e-20,-1307.77904235428
3.245,0.000295130748901528,-1313.80942239947,4.04650552599337e-20,-1313.82683771484
3.25,0.000308508126440105,-1315.12836145558,3.38191604742095e-20,-1315.14627522234
3.255,0.00031921858401951,-1311.71436530425,2.59278886216102e-20,-1311.73260632659
3.26,0.000327106037435161,-1303.57972782632,1.5863782014394e-20,-1303.59811654929
3.265,0.000332055261041158,-1290.75372842679,4.21016922604539e-21,-1290.77208126944
3.27,0.000333993431280027,-1273.28252655021,-8.62855454090158e-21,-1273.3006603636
3.275,0.000332891045089695,-1251.22899557088,-2.21419025947048e-20,-1251.24673208015
3.28,0.000328762092844977,-1224.67249665791,-3.57614794202255e-20,-1224.68966674554
3.285,0.000321664135208178,-1193.70859340227,-4.90688276358864e-20,-1193.72504111676
3.29,0.00031169756892587,-1158.44870824789,-6.09353057945872e-20,-1158.46429440832
3.295,0.000299004148744909,-1119.01972195008,-7.09989191421971e-20,-1119.03432723132
3.3,0.000283764813987804,-1075.56351748872,-7.81734122648344e-20,-1075.57704488834
3.305,0.00026619694970654,-1028.23647005604,-8.22795539888947e-20,-1028.24884666759
3.31,0.000246551559432078,-977.20888491808,-8.27029784839726e-20,-977.220062974329
3.315,0.000225109656277188,-922.664385176999,-7.97659937296336e-20,-922.674342325392
3.32,0.000202178014074111,-864.799251614801,-7.47288540779921e-20,-864.807990412808
3.325,0.000178084727969888,-803.821716965067,-6.84500233303599e-20,-803.829263615282
3.33,0.000153174860181349,-739.951217106187,-6.14376838029781e-20,-739.957619500191
3.335,0.000127804721325631,-673.417601900368,-5.50100199761225e-20,-673.422927013236
3.34,0.00010233804454283,-604.460308470509,-4.96306452249734e-20,-604.464639198517
3.345,7.71387073895919e-05,-533.327499865951,-4.57411138361607e-20,-533.330931426159
3.35,5.25690664559294e-05,-460.275172225509,-4.32754110880507e-20,-460.277808228959
3.355,2.89787980285047e-05,-385.566233653182,-4.21484787213376e-20,-385.568181962527
3.36,6.70764575627354e-06,-309.469558043878,-4.23318067764278e-20,-309.470926604691
3.365,-1.39273942287033e-05,-232.259017389733,-4.37385008785296e-20,-232.259910099575
3.37,-3.26310815831607e-05,-154.212495908527,-4.59560919101544e-20,-154.213008728713
3.375,-4.91355323750041e-05,-75.6108896584956,-4.86037990811092e-20,-75.6111070564829
3.38,-6.32053283761426e-05,3.26290479527233,-5.13029499513519e-20,3.26291295095327
3.385,-7.46401044342332e-05,82.1250090141657,-5.35933153716311e-20,82.1251899952798
3.39,-8.32768982053852e-05,160.691584920834,-5.49746843323404e-20,160.691905040195
3.395,-8.89930687204082e-05,238.679856943487,-5.50701659491797e-20,238.680302753399
3.4,-9.17081690457848e-05,315.809130374408,-5.37278613882306e-20,315.809709120477
3.405,-9.13849937672945e-05,391.801802252099,-5.08057760570657e-20,391.80254156829
3.41,-8.80299018246538e-05,466.38436110465,-4.60512814247279e-20,466.385307962428
3.415,-8.16926750527386e-05,539.288371937349,-3.97844657284166e-20,539.289590883594
3.42,-7.24660812807152e-05,610.251442903445,-3.22647439985836e-20,610.253013640441
3.425,-6.04845335823259e-05,679.018170154199,-2.35053804720227e-20,679.020184542354
3.43,-4.59221057189747e-05,745.3410574515,-1.48013327830866e-20,745.343616033727
3.435,-2.89898034069633e-05,808.98140721376,-6.04281359900032e-21,808.984615381893
3.44,-9.93266635369179e-06,869.71017979064,2.81585267709214e-21,869.714143713231
3.445,1.09735534982647e-05,927.308817865563,1.1523219876453e-20,927.313640305762
3.45,3.34264972866644e-05,981.570033005137,1.95942996541235e-20,981.575809171764
3.455,5.7101743740509e-05,1032.29855151742,2.70640159087522e-20,1032.30536509941
3.46,8.16570929561442e-05,1079.31181697374,3.2833359981274e-20,1079.31973646871
3.465,0.00010673789294291,1122.44064685372,3.72241724251823e-20,1122.44972231217
3.47,0.000131982053626078,1161.52984092897,3.98862838189546e-20,1161.54010125555
3.475,0.000157024033698885,1196.43873930553,4.11118506568175e-20,1196.45019014719
3.48,0.00018150318176191,1227.04172797662,4.24416780012817e-20,1227.05435036545
3.485,0.000205064426839216,1253.2286903286,4.50344075563971e-20,1253.24243998209
3.49,0.000227368234213081,1274.90540265151,4.79125647040592e-20,1274.92021015421
3.495,0.000248091698723186,1291.99387266037,5.22721163981801e-20,1292.00964431838
3.5,0.000266936040598415,1304.43261944025,5.83873674696497e-20,1304.449238966
3.505,0.000283627724770251,1312.1768941778,6.57353891925467e-20,1312.19422498946
3.51,0.000297925064080597,1315.19884058792,7.52006071414215e-20,1315.21672880268
3.515,0.000309621059576679,1313.48759470184,8.60860746109372e-20,1313.50587265584
3.52,0.000318545787258513,1307.04932360312,9.8922763560352e-20,1307.06781378355
3.525,0.000324568970403661,1295.90720295838,1.12637757872577e-19,1295.9257222455
3.53,0.000327602289264351,1280.1013334407,1.25988451848392e-19,1280.11969753921
3.535,0.000327600554369204,1259.68859637842,1.38477266480973e-19,1259.70662428515
3.54,0.00032456224669336,1234.74244913608,1.49314326102091e-19,1234.75996750357
3.545,0.00031852929907742,1205.35266096453,1.58601000951995e-19,1205.36950821973
3.55,0.000309586751270007,1171.62499024202,1.65945862666847e-19,1171.64102034917
3.555,0.000297861624011723,1133.68080427945,1.70989616566229e-19,1133.69589002581
3.56,0.000283521059224691,1091.65664304321,1.74627764813376e-19,1091.67067874301
3.565,0.000266769768257543,1045.70372835045,1.76858391438768e-19,1045.71663187958
3.57,0.000247846973529238,995.987420278518,1.79223818404313e-19,995.999134379849
3.575,0.000227023278025387,942.68662270861,1.80992933845017e-19,942.697115546326
3.58,0.000204596733382644,885.99314014741,1.81825593029326e-19,886.002405087567
3.585,0.000180888306153306,826.11098811977,1.8174510677253e-19,826.119042738274
3.59,0.000156237423762288,763.25565957505,1.80463946667787e-19,763.262543936623
3.595,0.000130997207683668,697.653349916371,1.7832027870815e-19,697.659124201435
3.6,0.000105528608480706,629.54014347199,1.75731870977237e-19,629.544885000565
3.605,8.01976797931358e-05,559.161164256675,1.73056866714256e-19,559.164964040593
3.61,5.53649045393458e-05,486.769694137154,1.70979380365322e-19,486.772653035765
3.615,3.1389370343147e-05,412.626261449903,1.698567683398e-19,412.628486131392
3.62,8.61069434275519e-06,336.997703548335,1.69352379381777e-19,336.999302262246
3.625,-1.26425877891034e-05,260.15620635814,1.69449379085294e-19,260.157284820522
3.63,-3.20678558098355e-05,182.378324710375,1.69527028335396e-19,182.378982089596
3.635,-4.93870866832257e-05,103.943986736602,1.69544248584455e-19,103.944311968824
3.64,-6.43524100569893e-05,25.1354860613865,1.69420833705151e-19,25.1355545713408
3.645,-7.67504018161434e-05,-53.7635346239076,1.68873498039934e-19,-53.7636636794575
3.65,-8.64046396453707e-05,-132.469104927492,1.6772939111126e-19,-132.46939079879
3.655,-9.31777550500342e-05,-210.697949360256,1.65782408645827e-19,-210.698371161031
3.66,-9.69738103481679e-05,-288.168507480539,1.62894910869668e-19,-288.169064914028
3.665,-9.77398583496787e-05,-364.601947890216,1.59089341482398e-19,-364.602661218581
3.67,-9.54666150690513e-05,-439.723172407801,1.54264407976935e-19,-439.724081666363
3.675,-9.01884491780915e-05,-513.261806781033,1.48501760691225e-19,-513.262970265169
3.68,-8.19827212697763e-05,-584.953174351725,1.41978069994541e-19,-584.954666428531
3.685,-7.09689598288817e-05,-654.539249157693,1.34814001516913e-19,-654.541157467969
3.69,-5.73071767969831e-05,-721.769585016518,1.26911594722518e-19,-721.772007160156
3.695,-4.1195522164703e-05,-786.402217232779,1.1854433231523e-19,-786.405257046792
3.7,-2.28672224832037e-05,-848.20453366575,1.0973515918545e-19,-848.208297223839
3.705,-2.58729718846745e-06,-906.954112025214,1.00694009243092e-19,-906.958703485907
3.71,1.93509951416351e-05,-962.439520382344,9.10127668734139e-20,-962.445037813292
3.715,4.26305605445658e-05,-1014.46107799681,8.06943628606197e-20,-1014.46760932047
3.72,6.69151780600424e-05,-1062.8315737178,7.150827957017e-20,-1062.83919292765
3.725,9.18538555275007e-05,-1107.37693942297,6.34481115441105e-20,-1107.38570316888
3.73,0.00011708681161651,-1147.93687604395,5.79776719933876e-20,-1147.94682071175
3.735,0.00014224914082288,-1184.36542993536,5.33627904306393e-20,-1184.37656933386
3.74,0.000166977877548031,-1216.53151757569,5.08562317147916e-20,-1216.54384127958
3.745,0.00019091471912216,-1244.31939667862,4.93826733360744e-20,-1244.33286910639
3.75,0.000213715137810098,-1267.62908204082,4.89927298180889e-20,-1267.64364232265
3.755,0.000235048936349219,-1286.37670473816,4.93581236144404e-20,-1286.39226731742
3.76,0.000254607748929373,-1300.4948132691,4.82890284210409e-20,-1300.51126928678
3.765,0.000272109343107808,-1309.93261565342,4.53992886904385e-20,-1309.94983507035
3.77,0.000287299867139505,-1314.65616170011,4.2218965227567e-20,-1314.67399602373
3.775,0.000299959136221277,-1314.64846464458,3.82440731837338e-20,-1314.66675026896
3.78,0.000309903685542111,-1309.90956186592,3.20204069437383e-20,-1309.92812388295
3.785,0.000316989041015687,-1300.45651445012,2.3679666792155e-20,-1300.47517080358
3.79,0.000321111490983284,-1286.32334560077,1.34099208704378e-20,-1286.34191145397
3.795,0.000322210056433772,-1267.56091809973,1.79619081059484e-21,-1267.57921030569
3.8,0.000320267400616854,-1244.23675129903,-1.03030260012106e-20,-1244.25459282159
3.805,0.000315310016320114,-1216.43477829164,-2.28490969137228e-20,-1216.45200243705
3.81,0.000307407664018548,-1184.25504413174,-3.55123541200882e-20,-1184.27149845425
3.815,0.000296672317981735,-1147.81334617166,-4.75907836624219e-20,-1147.82889593677
3.82,0.000283256820504955,-1107.24081779105,-5.95671808989442e-20,-1107.25534890037
3.825,0.000267352684024778,-1062.68345701977,-7.06573508262713e-20,-1062.69687830021
3.83,0.000249187257204268,-1014.30160172756,-7.97248651975331e-20,-1014.31384651309
3.835,0.00022902022300856,-962.269353253832,-8.62092002200862e-20,-962.280380206031
3.84,0.000207140114006882,-906.773950504627,-8.90670560449571e-20,-906.783743668332
3.845,0.00018386025929027,-848.015096767573,-8.88322495697444e-20,-848.023664862358
3.85,0.000159513968901886,-786.20424165775,-8.54393030619373e-20,-786.211616618541
3.855,0.000134449942731243,-721.563820742285,-8.00573598185044e-20,-721.570055561564
3.86,0.000109027358718153,-654.32645553652,-7.30021976273322e-20,-654.331621506708
3.865,8.36095585338291e-05,-584.734116796561,-6.54224325561561e-20,-584.738300207783
3.87,5.85625785946891e-05,-513.03725401928,-5.7931467719869e-20,-513.040552469706
3.875,3.42432332732001e-05,-439.493894387509,-5.1317611844803e-20,-439.49641276004
3.88,1.10009577694864e-05,-364.36871423764,-4.56546894345669e-20,-364.370560563608
3.885,-1.08324205678049e-05,-287.93208655743,-4.14429172889414e-20,-287.933367822143
3.89,-3.09438073571392e-05,-210.459107799379,-3.89451064690729e-20,-210.459925887232
3.895,-4.90453822939999e-05,-132.228607612793,-3.8208844468694e-20,-132.229055488573
3.9,-6.4878879748792e-05,-53.5221450147692,-3.88220812538763e-20,-53.5223032804089
3.905,-7.82179709391767e-05,25.3770053658045,-4.04839053477782e-20,25.3770714224225
3.91,-8.88721057816702e-05,104.184873295275,-4.27445289529656e-20,104.185116072082
3.915,-9.66896796073649e-05,182.617815519563,-4.50481454423796e-20,182.618206810305
3.92,-0.00010155999837947,260.393537222692,-4.70571371992822e-20,260.394069208
3.925,-0.000103414577426662,337.23210865806,-4.82584355131424e-20,337.232794148396
3.93,-0.000102228112386428,412.856973274447,-4.80896841010503e-20,412.857845197591
3.935,-9.80191590566674e-05,486.995943690516,-4.63631123055533e-20,486.997053837026
3.94,-9.08498355587337e-05,559.38218190815,-4.24346735689633e-20,559.383598976365
3.945,-8.0824875325732e-05,629.755160215329,-3.60995904571716e-20,629.756967221175
3.95,-6.80898988710156e-05,697.861599299267,-2.73421453597246e-20,697.863890439919
3.955,-5.28294259378444e-05,763.456380184889,-1.70125509754309e-20,763.459257255627
3.96,-3.52644190373103e-05,826.30342670505,-5.12958529504817e-21,826.306995182276
3.965,-1.56490631937827e-05,886.176555308815,7.60161250115218e-21,886.180920230748
3.97,5.73308769565466e-06,942.860289138978,2.04697205176536e-20,942.865550926941
3.975,2.85731746404242e-05,996.1506334552,3.32852487285718e-20,996.156883812405
3.98,5.25411509080988e-05,1045.85580963122,4.37162768924205e-20,1045.86312763648
3.985,7.72909877660701e-05,1091.79694505457,5.27827757589417e-20,1091.80539359771
3.99,0.000102465236529365,1133.80871646098,6.01037636231553e-20,1133.81833915032
3.995,0.000127700178237429,1171.73994445612,6.61906301396853e-20,1171.75076305887
4,0.000152631435146595,1205.45413700319,7.26926288374901e-20,1205.46614955938
