model,omega_rad_s,realG,imagG,gain_dB,phase_deg
dynamic,0.1,-13.2101949297134,-22.1823084543544,28.2384189252318,-120.775000198277
dynamic,0.105925372517729,-14.371657749685,-22.7733374755741,28.6043949756859,-122.254951817195
dynamic,0.112201845430196,-15.5935705616735,-23.3166373563664,28.958781617193,-123.773592900761
dynamic,0.118850222743702,-16.8720679927995,-23.8048116756027,29.3010086453419,-125.327760615613
dynamic,0.125892541179417,-18.202137716714,-24.2307833437122,29.6305489380491,-126.913835058119
dynamic,0.133352143216332,-19.5776476496322,-24.5880080223552,29.9469295000994,-128.527767015109
dynamic,0.141253754462275,-20.9914202039154,-24.870687202808,30.2497420157215,-130.165119485685
dynamic,0.149623565609443,-22.4353544867247,-25.0739689466473,30.5386524447144,-131.821122564257
dynamic,0.158489319246111,-23.9005938327121,-25.1941238735975,30.8134092057254,-133.490740496633
dynamic,0.167880401812256,-25.3777324134483,-25.2286847153014,31.0738495334148,-135.168748942171
dynamic,0.177827941003892,-26.8570512959299,-25.1765396824626,31.3199036738416,-136.849819781629
dynamic,0.18836490894898,-28.3287716575969,-25.0379728873295,31.5515966896749,-138.528610276114
dynamic,0.199526231496888,-29.7833112665298,-24.814648828648,31.7690477750987,-140.199853067046
dynamic,0.211348903983665,-31.2115300270753,-24.509542060202,31.9724671179159,-141.858443447023
dynamic,0.223872113856834,-32.6049514167987,-24.1268171460945,32.1621504804218,-143.499520534017
dynamic,0.237137370566166,-33.9559488547113,-23.6716673976866,32.338471788611,-145.118539422808
dynamic,0.251188643150958,-35.2578891369664,-23.1501233292138,32.5018741109824,-146.711332016828
dynamic,0.266072505979881,-36.5052286474011,-22.5688430552788,32.6528594670913,-148.274154991144
dynamic,0.281838293126445,-37.6935616628997,-21.9348969503604,32.7919779298872,-149.803724126765
dynamic,0.298538261891796,-38.8196233384056,-21.2555579224836,32.9198164765806,-151.297235017304
dynamic,0.316227766016838,-39.8812525798765,-20.5381068613555,33.0369880049614,-152.752370823346
dynamic,0.334965439157828,-40.8773218242951,-19.7896605118564,33.1441208723294,-154.167298294705
dynamic,0.354813389233575,-41.8076417002402,-19.0170265151071,33.2418492403813,-155.540653669785
dynamic,0.375837404288444,-42.6728487084657,-18.2265879334524,33.3308044298988,-156.871520287854
dynamic,0.398107170553497,-43.4742835856531,-17.4242174444078,33.4116074113487,-158.159399826887
dynamic,0.421696503428582,-44.2138670802453,-16.6152196807106,33.4848624871004,-159.40417903213
dynamic,0.446683592150963,-44.8939786644897,-15.8042989606071,33.551152161273,-160.606093659545
dynamic,0.47315125896148,-45.5173423984502,-14.9955488839759,33.6110331459012,-161.765691154158
dynamic,0.501187233627272,-46.0869228825724,-14.1924599122507,33.6650334173799,-162.883793344083
dynamic,0.530884444230988,-46.6058330788907,-13.3979410250404,33.7136502142484,-163.961460179927
dynamic,0.562341325190349,-47.0772548026538,-12.6143517668205,33.7573488548301,-164.999955304849
dynamic,0.59566214352901,-47.5043719091734,-11.8435413793881,33.7965622492063,-166.000714015681
dynamic,0.630957344480193,-47.8903156237452,-11.0868921872876,33.8316909825136,-166.96531397817
dynamic,0.668343917568615,-48.238121067806,-10.3453649062781,33.8631038537522,-167.895448893445
dynamic,0.707945784384138,-48.5506937950799,-9.61954403682485,33.8911387645249,-168.792905178703
dynamic,0.749894209332456,-48.83078503675,-8.90968195751368,33.9161038640381,-169.659541621306
dynamic,0.794328234724281,-49.080974334497,-8.21574073112956,33.9382788692125,-170.497271888747
dynamic,0.841395141645195,-49.3036582872686,-7.53743097206451,33.9579164910959,-171.308049723553
dynamic,0.891250938133746,-49.5010442287972,-6.87424739746872,33.9752439103976,-172.093856618043
dynamic,0.944060876285923,-49.6751477696561,-6.22550090022161,33.9904642555416,-172.856691745063
dynamic,1,-49.827793265963,-5.59034714593893,34.0037580459872,-173.598563913725
dynamic,1.05925372517729,-49.960616406568,-4.96781181654512,34.0152845716295,-174.3214853208
dynamic,1.12201845430196,-50.075068234859,-4.35681270729903,34.0251831858926,-175.027466875906
dynamic,1.18850222743702,-50.172420035957,-3.75617894001173,34.0335744957481,-175.718514890095
dynamic,1.25892541179417,-50.2537686228325,-3.16466758920759,34.0405614364375,-176.396628930932
dynamic,1.33352143216332,-50.3200416449897,-2.58097803590115,34.0462302222783,-177.063800661542
dynamic,1.41253754462275,-50.3720026210849,-2.00376437027647,34.0506511677293,-177.722013495233
dynamic,1.49623565609443,-50.410255463101,-1.43164616374093,34.0538793750041,-178.373242910602
dynamic,1.58489319246111,-50.4352483158428,-0.863217925637209,34.0559552860817,-179.019457283835
dynamic,1.67880401812256,-50.4472765831358,-0.297057552674124,34.0569050980924,-179.662619104976
dynamic,1.77827941003892,-50.4464850529093,0.268265928390172,34.056741041848,179.695313546999
dynamic,1.8836490894898,-50.4328690690818,0.834185030901046,34.0554615238567,179.052385389554
dynamic,1.99526231496888,-50.4062747305758,1.40212660233124,34.0530511325872,178.406642297929
dynamic,2.11348903983665,-50.3663981286041,1.97350445609893,34.0494805101276,177.756129756383
dynamic,2.23872113856834,-50.3127836642716,2.54971155590286,34.0447060907911,177.098891513864
dynamic,2.37137370566166,-50.2448215211759,3.13211146631818,34.038669708746,176.432968561197
dynamic,2.51188643150958,-50.1617444036669,3.72202878129568,34.0312980774608,175.756398551279
dynamic,2.66072505979881,-50.0626236922862,4.32073824001949,34.0225021447479,175.067215789803
dynamic,2.81838293126445,-49.9463652150676,4.92945223875379,34.0121763285359,174.36345193133
dynamic,2.98538261891796,-49.8117048881418,5.54930644977213,34.0001976402861,173.643137523698
dynamic,3.16227766016838,-49.6572045424319,6.18134326666363,33.9864247052728,172.904304552283
dynamic,3.34965439157828,-49.4812483258064,6.82649281228317,33.9706966918429,172.144990143736
dynamic,3.54813389233576,-49.282040151885,7.48555127500115,33.9528321653301,171.363241595786
dynamic,3.75837404288444,-49.0576027570213,8.15915638496498,33.9326278865613,170.557122904359
dynamic,3.98107170553497,-48.8057790239265,8.84775990959926,33.9098575798945,169.724722960514
dynamic,4.21696503428582,-48.5242363306581,9.55159714171371,33.8842707014546,168.864165585993
dynamic,4.46683592150963,-48.2104747821808,10.2706534796262,33.8555912446292,167.973621566154
dynamic,4.73151258961481,-47.8618402711885,11.0046283615744,33.8235166268543,167.051322820824
dynamic,5.01187233627272,-47.475543385712,11.7528970203586,33.7877167090699,166.095578825654
dynamic,5.30884444230988,-47.0486852209804,12.5144707708371,33.747833006725,165.104795357105
dynamic,5.62341325190349,-46.5782911472776,13.2879568319925,33.7034781585258,164.077495581906
dynamic,5.9566214352901,-46.0613535171774,14.0715190122702,33.6542357258559,163.012343445412
dynamic,6.30957344480193,-45.494884146191,14.8628409419899,33.5996604014715,161.908169232166
dynamic,6.68343917568615,-44.8759771520449,15.6590939036403,33.539278710165,160.763997075829
dynamic,7.07945784384138,-44.2018823728345,16.4569116661261,33.4725902859909,159.579074084999
dynamic,7.49894209332456,-43.4700890907053,17.2523750408122,33.3990698097356,158.352900627383
dynamic,7.94328234724282,-42.6784191603625,18.0410091058237,33.3181696859014,157.085261179243
dynamic,8.41395141645195,-41.8251278862439,18.8177961439045,33.2293235298224,155.776255002891
dynamic,8.91250938133746,-40.9090101287875,19.5772072570736,33.1319505218704,154.426325766369
dynamic,9.44060876285924,-39.9295081871144,20.3132553065445,33.0254606661886,153.036289072197
dynamic,10,-38.8868170618049,21.0195712322924,32.9092609652194,151.607356724463
quasisteady,0.1,-13.155219091133,-22.3422651313021,28.2752215433524,-120.489754526718
quasisteady,0.105925372517729,-14.3225498697846,-22.9510828519899,28.6444441224361,-121.966093257921
quasisteady,0.112201845430196,-15.5525180264801,-23.5129465105359,29.0022478269808,-123.482438937594
quasisteady,0.118850222743702,-16.8415130347755,-24.020221379404,29.3480517519649,-125.035793811805
quasisteady,0.125892541179417,-18.1847531655619,-24.4655353609843,29.681314799721,-126.622699223427
quasisteady,0.133352143216332,-19.5762998466311,-24.8419948246926,30.0015467794183,-128.239259496612
quasisteady,0.141253754462275,-21.0091192023447,-25.1434034298666,30.3083191462201,-129.881179563241
quasisteady,0.149623565609443,-22.4751926368109,-25.3644720050007,30.6012749194297,-131.543816152972
quasisteady,0.158489319246111,-23.9656748673605,-25.5010068138611,30.8801373172736,-133.222241590905
quasisteady,0.167880401812256,-25.4710940928472,-25.5500639339421,31.1447166787643,-134.911318457569
quasisteady,0.177827941003892,-26.9815854109092,-25.5100590926094,31.3949153109529,-136.605782639831
quasisteady,0.18836490894898,-28.4871456244405,-25.380825071367,31.63072999924,-138.300331713741
quasisteady,0.199526231496888,-29.97789559677,-25.1636124443102,31.8522520416543,-139.989715216271
quasisteady,0.211348903983665,-31.4443356029304,-24.8610335637694,32.0596648042095,-141.668823226461
quasisteady,0.223872113856834,-32.8775797818496,-24.4769538626656,32.2532389308705,-143.332769803776
quasisteady,0.237137370566166,-34.2695577273713,-24.0163382258863,32.4333254654629,-144.976968207551
quasisteady,0.251188643150958,-35.613174194645,-23.4850629888645,32.6003472430174,-146.597195402225
quasisteady,0.266072505979881,-36.9024214495287,-22.8897057907557,32.7547889768943,-148.189644073347
quasisteady,0.281838293126445,-38.1324425098509,-22.2373259566229,32.8971865021826,-149.750961163939
quasisteady,0.298538261891796,-39.2995470016726,-21.5352473905256,33.0281156359754,-151.278272717015
quasisteady,0.316227766016838,-40.4011842479632,-20.7908543455478,33.1481810849961,-152.769195515836
quasisteady,0.334965439157828,-41.4358803076754,-20.0114081973512,33.2580057767352,-154.221836600235
quasisteady,0.354813389233575,-42.4031469084789,-19.2038908129361,33.3582209194781,-155.634782172876
quasisteady,0.375837404288444,-43.3033706065872,-18.3748775793568,33.4494570178526,-157.00707768166
quasisteady,0.398107170553497,-44.137690192963,-17.5304408768242,33.5323359916605,-158.338200982043
quasisteady,0.421696503428582,-44.9078695272118,-16.6760829026466,33.6074644728116,-159.628030468643
quasisteady,0.446683592150963,-45.6161718116565,-15.8166953511002,33.6754282921223,-160.876809948684
quasisteady,0.47315125896148,-46.2652399966914,-14.9565425357959,33.7367881166719,-162.085111841128
quasisteady,0.501187233627272,-46.8579866813036,-14.0992640617329,33.7920761599826,-163.253800053561
quasisteady,0.530884444230988,-47.3974956470275,-13.2478930395839,33.8417938609955,-164.383993638861
quasisteady,0.562341325190349,-47.886936107156,-12.4048859970772,33.8864104123611,-165.477032085391
quasisteady,0.59566214352901,-48.3294898982913,-11.5721609941319,33.9263620121779,-166.534442862423
quasisteady,0.630957344480193,-48.7282911933525,-10.7511409116483,33.9620517140375,-167.557911636107
quasisteady,0.668343917568615,-49.0863778599067,-9.94279939492191,33.9938497561681,-168.549255395384
quasisteady,0.707945784384138,-49.4066532997029,-9.14770744379574,34.0220942598878,-169.510398583346
quasisteady,0.749894209332456,-49.6918574539381,-8.36607912029892,34.0470921990271,-170.443352216287
quasisteady,0.794328234724281,-49.9445456128445,-7.59781527096647,34.0691205543258,-171.350195887569
quasisteady,0.841395141645195,-50.1670736988199,-6.84254452591448,34.0884275791665,-172.233062492448
quasisteady,0.891250938133746,-50.3615887746755,-6.09966113814597,34.1052341147912,-173.094125469362
quasisteady,0.944060876285923,-50.5300236424975,-5.36835946764154,34.1197349039607,-173.935588328713
quasisteady,1,-50.67409452857,-4.64766510173234,34.1320998616455,-174.759676228155
quasisteady,1.05925372517729,-50.7953009844944,-3.93646274375553,34.142475269701,-175.568629350611
quasisteady,1.12201845430196,-50.8949272663526,-3.23352110416383,34.1509848695814,-176.364697844752
quasisteady,1.18850222743702,-50.9740445777144,-2.53751509990553,34.15773083307,-177.150138095242
quasisteady,1.25892541179417,-51.0335136759659,-1.84704571608364,34.162794595852,-177.927210099716
quasisteady,1.33352143216332,-51.0739874440055,-1.16065791475594,34.1662375426784,-178.698175739858
quasisteady,1.41253754462275,-51.0959131212318,-0.476856994337538,34.1681015360071,-179.4652977438
quasisteady,1.49623565609443,-51.0995339701849,0.205876186532008,34.1684092825246,179.769160854309
quasisteady,1.58489319246111,-51.0848902300212,0.889070701509368,34.1671645339873,179.002936945036
quasisteady,1.67880401812256,-51.0518192774034,1.57425134395986,34.1643521205436,178.233767447782
quasisteady,1.77827941003892,-50.9999549817759,2.2629242870162,34.159937816237,177.459389469517
quasisteady,1.8836490894898,-50.9287263078724,2.95656219434627,34.153868037907,176.67754070017
quasisteady,1.99526231496888,-50.8373552862168,3.65658836129112,34.1460693803338,175.885960230111
quasisteady,2.11348903983665,-50.7248545447667,4.36435946994157,34.1364479923681,175.082389980971
quasisteady,2.23872113856834,-50.5900246740231,5.08114654977524,34.1248888010936,174.264576948958
quasisteady,2.37137370566166,-50.4314517858706,5.8081137503912,34.1112545939442,173.430276469296
quasisteady,2.51188643150958,-50.2475057246371,6.54629455831947,34.095384972289,172.577256720692
quasisteady,2.66072505979881,-50.0363394981523,7.29656513051779,34.0770951944627,171.70330469886
quasisteady,2.81838293126445,-49.7958906166536,8.05961447870843,34.0561749317005,170.806233896745
quasisteady,2.98538261891796,-49.5238851564546,8.8359113278636,34.0323869670571,169.883893934441
quasisteady,3.16227766016838,-49.2178454995436,9.62566759647046,34.0054658752505,168.934182381844
quasisteady,3.34965439157828,-48.8751028332512,10.4287986137545,33.9751167304977,167.955059009082
quasisteady,3.54813389233576,-48.4928156160212,11.2448804077785,33.941013899776,166.94456268067
quasisteady,3.75837404288444,-48.0679953123569,12.0731046752088,33.902799990374,165.90083107558
quasisteady,3.98107170553497,-47.5975407539004,12.9122323831206,33.860085032789,164.822123363028
quasisteady,4.21696503428582,-47.0782824713189,13.7605473558796,33.8124459924663,163.706845888682
quasisteady,4.46683592150963,-46.5070382358336,14.6158116597837,33.7594267158062,162.553580824364
quasisteady,4.73151258961481,-45.8806808192717,15.4752250995409,33.7005384262499,161.361117602773
quasisteady,5.01187233627272,-45.1962185961458,16.3353916566402,33.6352608937729,160.128486795569
quasisteady,5.30884444230988,-44.4508890422686,17.1922961887229,33.5630444041395,158.854995898418
quasisteady,5.62341325190349,-43.6422644123458,18.0412951138401,33.4833126509524,157.54026626375
quasisteady,5.9566214352901,-42.7683679002653,18.8771250512891,33.3954666619077,156.184270178487
quasisteady,6.30957344480193,-41.8277974209679,19.6939333968936,33.2988898488359,154.787366832208
quasisteady,6.68343917568615,-40.8198528546859,20.4853344858725,33.1929542375315,153.350335679155
quasisteady,7.07945784384138,-39.7446612544759,21.2444942588713,33.0770278871716,151.874405488529
quasisteady,7.49894209332456,-38.60329326857,21.96424513798,32.9504834505077,150.361277229511
quasisteady,7.94328234724282,-37.3978630382801,22.6372311242444,32.8127077566056,148.813138880811
quasisteady,8.41395141645195,-36.1316032900623,23.2560809931584,32.6631122210754,147.232670318609
quasisteady,8.91250938133746,-34.8089074346513,23.8136050138727,32.5011438096398,145.623036645732
quasisteady,9.44060876285924,-33.4353313693688,24.3030080573473,32.3262962063682,143.987868692494
quasisteady,10,-32.0175494314345,24.7181095661945,32.1381207759073,142.331229944367
pp_mean,0.1,-13.1787094405522,-22.2755257624924,28.2599534580369,-120.609527693611
pp_mean,0.105925372517729,-14.3436676104163,-22.8768743494261,28.6278244047057,-122.087473669565
pp_mean,0.112201845430196,-15.5703541998279,-23.4309315512091,28.984204562078,-123.60488634086
pp_mean,0.118850222743702,-16.8550507068946,-23.9301602016054,29.3285173143634,-125.158699228727
pp_mean,0.125892541179417,-18.1928770832974,-24.3673095854994,29.6602272115604,-126.745386424676
pp_mean,0.133352143216332,-19.5778114644183,-24.73563038159,29.9788510496533,-128.360988087404
pp_mean,0.141253754462275,-21.0027570617003,-25.0290912025541,30.2839685357737,-130.00114969702
pp_mean,0.149623565609443,-22.4596576745259,-25.2425847642034,30.575232075722,-131.661174796555
pp_mean,0.158489319246111,-23.939659800722,-25.3721111085541,30.8523752236026,-133.336090167955
pp_mean,0.167880401812256,-25.4333156298977,-25.4149258430758,31.1152193704331,-135.020721604024
pp_mean,0.177827941003892,-26.9308177129759,-25.3696431098492,31.3636783205504,-136.709777724537
pp_mean,0.18836490894898,-28.4222532535952,-25.2362858634188,31.5977605073828,-138.397938718785
pp_mean,0.199526231496888,-29.8978641447514,-25.0162797426084,31.817568725601,-140.079946540868
pp_mean,0.211348903983665,-31.3482983315232,-24.7123909600018,32.0232973935986,-141.750692979395
pp_mean,0.223872113856834,-32.7648388949026,-24.328612720952,32.2152274958138,-143.405302182102
pp_mean,0.237137370566166,-34.1395993066126,-23.8700082482369,32.3937194758952,-145.039204619694
pp_mean,0.251188643150958,-35.4656763143967,-23.3425211434884,32.5592044484155,-146.648200074961
pp_mean,0.266072505979881,-36.737255481742,-22.7527653248165,32.7121741615607,-148.228507975635
pp_mean,0.281838293126445,-37.9496680858977,-22.107807078222,32.8531701730809,-149.776804176825
pp_mean,0.298538261891796,-39.0994014674762,-21.4149509490954,32.9827726979176,-151.290244069343
pp_mean,0.316227766016838,-40.1840677070591,-20.6815395066298,33.1015895525142,-152.766472583301
pp_mean,0.334965439157828,-41.2023374832188,-19.9147747414572,33.2102455641346,-154.203622225918
pp_mean,0.354813389233575,-42.1538470767702,-19.1215663298079,33.3093727413796,-155.600300708594
pp_mean,0.375837404288444,-43.0390867801368,-18.3084095107261,33.3996014229456,-156.955569971471
pp_mean,0.398107170553497,-43.8592785861724,-17.4812931038628,33.4815525432082,-158.268918513942
pp_mean,0.421696503428582,-44.6162501500597,-16.6456363884407,33.5558310812807,-159.540228911086
pp_mean,0.446683592150963,-45.3123108319703,-15.8062522336936,33.623020698511,-160.769742268644
pp_mean,0.47315125896148,-45.9501343106698,-14.9673330164234,33.6836795198609,-161.958021173692
pp_mean,0.501187233627272,-46.5326509501354,-14.1324554342237,33.738336977717,-163.105912462882
pp_mean,0.530884444230988,-47.0629519040547,-13.3046002471361,33.7874916118123,-164.214510879369
pp_mean,0.562341325190349,-47.5442059192219,-12.486183168451,33.8316097047005,-165.285124442564
pp_mean,0.59566214352901,-47.9795889768466,-11.6790934910408,33.8711246268239,-166.31924212559
pp_mean,0.630957344480193,-48.3722262929212,-10.8847375032431,33.9064367666963,-167.31850423244
pp_mean,0.668343917568615,-48.7251457693627,-10.1040842566771,33.9379139281815,-168.284675694886
pp_mean,0.707945784384138,-49.0412417205074,-9.33771175205699,33.9658920866062,-169.219622369095
pp_mean,0.749894209332456,-49.3232475640311,-8.58585207740542,33.9906764070909,-170.125290302355
pp_mean,0.794328234724281,-49.5737161306974,-7.84843444795896,34.0125424408875,-171.003687858376
pp_mean,0.841395141645195,-49.7950062853086,-7.12512545020383,34.0317374278644,-171.856870531439
pp_mean,0.891250938133746,-49.9892746377506,-6.41536608271176,34.0484816449932,-172.686928241318
pp_mean,0.944060876285923,-50.1584712386342,-5.7184054173336,34.0629697514042,-173.495974878248
pp_mean,1,-50.304338283866,-5.03333088221753,34.0753720900959,-174.286139856695
pp_mean,1.05925372517729,-50.4284109857429,-4.35909530075817,34.0858359146336,-175.059561434935
pp_mean,1.12201845430196,-50.5320198975705,-3.69454091596718,34.0944865161716,-175.818381561898
pp_mean,1.18850222743702,-50.6162940998472,-3.03842069553752,34.1014282319663,-176.564742020849
pp_mean,1.25892541179417,-50.6821647664013,-2.38941725594316,34.1067453213286,-177.300781649755
pp_mean,1.33352143216332,-50.730368727782,-1.74615977021198,34.1105026988357,-178.028634428892
pp_mean,1.41253754462275,-50.7614517371008,-1.10723923845285,34.112746517732,-178.750428236555
pp_mean,1.49623565609443,-50.7757712216044,-0.471222506732229,34.1135045989552,-179.468284082696
pp_mean,1.58489319246111,-50.7734983732402,0.163334578524671,34.1127867032737,179.815684362591
pp_mean,1.67880401812256,-50.7546194954014,0.797874494655114,34.1105846457646,179.099371123929
pp_mean,1.77827941003892,-50.7189365831127,1.4338254621191,34.1068722534482,178.380678334619
pp_mean,1.8836490894898,-50.6660671724364,2.07258857931026,34.1016051684601,177.657516885557
pp_mean,1.99526231496888,-50.5954435541236,2.71552429742257,34.0947205008401,176.927807487419
pp_mean,2.11348903983665,-50.5063115087201,3.36393786603351,34.0861363369801,176.189482329217
pp_mean,2.23872113856834,-50.3977287874984,4.01906338925582,34.0757511121538,175.440487522851
pp_mean,2.37137370566166,-50.2685636375202,4.68204614685985,34.063442858499,174.678786531211
pp_mean,2.51188643150958,-50.1174937511855,5.35392285769987,34.0490683434763,173.90236478576
pp_mean,2.66072505979881,-49.9430061115478,6.03559959795726,34.0324621183493,173.109235707425
pp_mean,2.81838293126445,-49.743398304308,6.72782713887688,34.0134355017366,172.297448350607
pp_mean,2.98538261891796,-49.5167819743305,7.4311735433869,33.9917755299079,171.465096892468
pp_mean,3.16227766016838,-49.2610892156651,8.14599396452156,33.9672439133062,170.610332186131
pp_mean,3.34965439157828,-48.9740827940874,8.87239772759597,33.9395760477974,169.731375584442
pp_mean,3.54813389233576,-48.6533712020389,9.61021295921795,33.9084801393204,168.826535217247
pp_mean,3.75837404288444,-48.2964296261628,10.358949255223,33.8736365117457,167.894224866223
pp_mean,3.98107170553497,-47.9006279522999,11.1177591602717,33.8346971795132,166.93298552316
pp_mean,4.21696503428582,-47.4632669227963,11.8853995644666,33.7912857784548,165.941509636186
pp_mean,4.46683592150963,-46.9816234736453,12.660194501867,33.7429979593244,164.918667939919
pp_mean,4.73151258961481,-46.4530060890945,13.4400012495708,33.6894023578759,163.863538626755
pp_mean,5.01187233627272,-45.874820693015,14.2221820515842,33.6300422614568,162.775438445765
pp_mean,5.30884444230988,-45.2446471263049,15.0035841946056,33.5644380933501,161.653955113437
pp_mean,5.62341325190349,-44.5603256218801,15.7805314955949,33.4920908305732,160.498980190555
pp_mean,5.9566214352901,-43.820051880574,16.5488304633627,33.4124864565025,159.310741329823
pp_mean,6.30957344480193,-43.0224783897424,17.3037943982879,33.3251015245641,158.08983254254
pp_mean,6.68343917568615,-42.1668185555754,18.0402884217841,33.2294098717126,156.837240888689
pp_mean,7.07945784384138,-41.2529491161311,18.7527978125245,33.1248904695918,155.554367787758
pp_mean,7.49894209332456,-40.2815052748094,19.4355210216241,33.0110363373191,154.243043006939
pp_mean,7.94328234724282,-39.2539621830164,20.0824873315791,32.8873643644231,152.905529341224
pp_mean,8.41395141645195,-38.172695963919,20.6876973531421,32.7534258090403,151.544516087898
pp_mean,8.91250938133746,-37.0410175622833,21.2452825238994,32.6088171504078,150.163099662656
pp_mean,9.44060876285924,-35.8631734548673,21.7496776537155,32.4531908931165,148.764750122393
pp_mean,10,-34.6443087275894,22.1957985866998,32.28626585193,147.3532629518
cf_mean,0.1,-13.1915825292875,-22.2379591323576,28.2513043462225,-120.676465994503
cf_mean,0.105925372517729,-14.3551573002526,-22.8351330620163,28.6184126145709,-122.155253757515
cf_mean,0.112201845430196,-15.5799464752404,-23.3848345126094,28.9739900885876,-123.673198155331
cf_mean,0.118850222743702,-16.8621718027908,-23.8795824185599,29.3174626767958,-125.227193924628
cf_mean,0.125892541179417,-18.1968992116897,-24.3121954735749,29.648298223219,-126.813677280321
cf_mean,0.133352143216332,-19.5780615554762,-24.6760064979113,29.9660175744362,-128.428652323211
cf_mean,0.141253754462275,-20.9985284881822,-24.9650776215249,30.2702052006654,-130.067731208955
cf_mean,0.149623565609443,-22.4502246992465,-25.1744042996324,30.5605189073993,-131.726187756238
cf_mean,0.158489319246111,-23.9242942477851,-25.3000956461445,30.8366981787692,-133.399023386804
cf_mean,0.167880401812256,-25.411305059643,-25.3395191873504,31.0985707333502,-135.081043506761
cf_mean,0.177827941003892,-26.9014842070717,-25.2913999620773,31.3460569473664,-136.766941733107
cf_mean,0.18836490894898,-28.3849718159771,-25.1558668132192,31.5791719048539,-138.45138881598
cf_mean,0.199526231496888,-29.8520797131925,-24.9344424473985,31.7980249609589,-140.129122767417
cf_mean,0.211348903983665,-31.2935404784838,-24.6299779698526,32.002816841809,-141.795036620615
cf_mean,0.223872113856834,-32.7007334664699,-24.2465366484916,32.1938344394014,-143.44426042028
cf_mean,0.237137370566166,-34.0658764842018,-23.7892351567418,32.3714435800659,-145.072234463741
cf_mean,0.251188643150958,-35.382174856413,-23.2640531142629,32.5360801397714,-146.674771425593
cf_mean,0.266072505979881,-36.6439231792936,-22.6776231629964,32.6882399419254,-148.248105737403
cf_mean,0.281838293126445,-37.8465587177271,-22.0370140321194,32.8284679007623,-149.788929382468
cf_mean,0.298538261891796,-38.9866687409678,-21.3495181697386,32.9573468673424,-151.294414032427
cf_mean,0.316227766016838,-40.0619568101701,-20.6224537846369,33.0754865999722,-152.762220138179
cf_mean,0.334965439157828,-41.0711749421455,-19.8629888527292,33.1835132229012,-154.190494147236
cf_mean,0.354813389233575,-42.0140296206097,-19.0779921222536,33.2820594643093,-155.57785542484
cf_mean,0.375837404288444,-42.8910698677635,-18.2739136888678,33.3717558852827,-156.923374698563
cf_mean,0.398107170553497,-43.7035651666128,-17.4566955278833,33.4532232332883,-158.226545936841
cf_mean,0.421696503428582,-44.4533801212956,-16.6317106039095,33.5270659823197,-159.487253535609
cf_mean,0.446683592150963,-45.1428515484527,-15.8037278873861,33.5938670610005,-160.705736554193
cf_mean,0.47315125896148,-45.774672378367,-14.9768997879738,33.6541837212865,-161.882551542559
cf_mean,0.501187233627272,-46.3517854478398,-14.1547681161786,33.7085444643918,-163.018535264974
cf_mean,0.530884444230988,-46.8772890858598,-13.3402846297478,33.7574469164835,-164.114768374132
cf_mean,0.562341325190349,-47.354355387633,-12.5358424228872,33.8013565331442,-165.172540843781
cf_mean,0.59566214352901,-47.7861612688032,-11.7433147891284,33.8407060067514,-166.193319740226
cf_mean,0.630957344480193,-48.1758317904885,-10.9640986581855,33.8758952528235,-167.178719712384
cf_mean,0.668343917568615,-48.5263948305346,-10.1991602135422,33.9072918581448,-168.130476410408
cf_mean,0.707945784384138,-48.840745920645,-9.44908079664621,33.9352318834343,-169.050422905095
cf_mean,0.749894209332456,-49.1216219421324,-8.71410166587027,33.9600209250813,-169.940469072953
cf_mean,0.794328234724281,-49.3715823444187,-7.9941665865644,33.9819353529265,-170.802583831763
cf_mean,0.841395141645195,-49.5929965922406,-7.2889615748578,34.0012236534232,-171.638780055118
cf_mean,0.891250938133746,-49.788036636128,-6.59795140160398,34.0181078192028,-172.451101957481
cf_mean,0.944060876285923,-49.9586733170393,-5.92041268776755,34.0327847367402,-173.241614720031
cf_mean,1,-50.1066757455365,-5.25546359508817,34.045427533285,-174.012396118123
cf_mean,1.05925372517729,-50.2336128280469,-4.60209024372509,34.0561868524259,-174.76552991051
cf_mean,1.12201845430196,-50.3408562404979,-3.95917007974501,34.0651920346076,-175.503100755755
cf_mean,1.18850222743702,-50.4295842685678,-3.32549247732553,34.0725521847152,-176.227190430394
cf_mean,1.25892541179417,-50.5007860416853,-2.6997769002002,34.0783571135861,-176.939875134456
cf_mean,1.33352143216332,-50.5552657840323,-2.08068897001261,34.0826781441507,-177.643223681727
cf_mean,1.41253754462275,-50.5936467905238,-1.46685480071707,34.0855687759895,-178.339296383428
cf_mean,1.49623565609443,-50.6163749101874,-0.85687396183524,34.0870652045661,-179.030144444157
cf_mean,1.58489319246111,-50.6237213851448,-0.249331432221708,34.0871866934123,-179.717809697395
cf_mean,1.67880401812256,-50.6157849523958,0.357191097836103,34.0859357992385,179.595675485679
cf_mean,1.77827941003892,-50.5924931698718,0.964104223436179,34.0832984514538,178.908288276109
cf_mean,1.8836490894898,-50.5536029798484,1.57279977362395,34.0792438890545,178.218015615848
cf_mean,1.99526231496888,-50.4987005738738,2.18463937046218,34.0737244593895,177.522854755408
cf_mean,2.11348903983665,-50.427200675879,2.80094226414564,34.0666752850823,176.820814262736
cf_mean,2.23872113856834,-50.3383454159526,3.42297211838254,34.0580138075027,176.109915669138
cf_mean,2.37137370566166,-50.2312030280096,4.05192243255917,34.0476392177643,175.388195922694
cf_mean,2.51188643150958,-50.1046666715671,4.68890030546958,34.0354317894078,174.653710824324
cf_mean,2.66072505979881,-49.9574537518396,5.33490827267469,34.0212521308236,173.904539625744
cf_mean,2.81838293126445,-49.7881061934764,5.99082398961001,34.0049403801827,173.138790970435
cf_mean,2.98538261891796,-49.5949922105695,6.65737758981965,33.9863153712546,172.354610357004
cf_mean,3.16227766016838,-49.3763102068431,7.33512662716385,33.9651738050356,171.550189296902
cf_mean,3.34965439157828,-49.1300955312122,8.02442861789407,33.9412894695702,170.723776322897
cf_mean,3.54813389233576,-48.8542308990445,8.72541133845426,33.9144125586062,169.873689978392
cf_mean,3.75837404288444,-48.5464613597435,9.43794121246341,33.8842691485633,168.998333877392
cf_mean,3.98107170553497,-48.2044147350024,10.1615903387764,33.8505609023154,168.096213867515
cf_mean,4.21696503428582,-47.8256284545215,10.8956029723431,33.8129650769307,167.165957250666
cf_mean,4.46683592150963,-47.407583659516,11.6388625671697,33.7711349199549,166.20633391518
cf_mean,4.73151258961481,-46.9477473092829,12.3898608165302,33.7247005440203,165.21627910752
cf_mean,5.01187233627272,-46.4436227922571,13.1466704625078,33.6732703711889,164.194917420947
cf_mean,5.30884444230988,-45.8928091921845,13.9069239685482,33.6164332349567,163.141587405301
cf_mean,5.62341325190349,-45.2930688797268,14.6678004183857,33.5537612175665,162.055866011829
cf_mean,5.9566214352901,-44.6424024877533,15.4260231760483,33.4848132815164,160.937591890103
cf_mean,6.30957344480193,-43.9391295980907,16.17787086067,33.4091397254381,159.786886365394
cf_mean,6.68343917568615,-43.1819726528226,16.9192039998408,33.3262874549237,158.604170765072
cf_mean,7.07945784384138,-42.3701407634063,17.6455092746057,33.2358060083546,157.39017865677
cf_mean,7.49894209332456,-41.5034093110202,18.3519625221254,33.137254217579,156.145961538053
cf_mean,7.94328234724282,-40.5821906194115,19.0335106109037,33.0302073163124,154.872886606522
cf_mean,8.41395141645195,-39.6075906580077,19.6849709815679,32.9142642402046,153.572625466486
cf_mean,8.91250938133746,-38.5814468161686,20.3011461368238,32.7890547983591,152.247133010926
cf_mean,9.44060876285924,-37.5063423723744,20.8769488035077,32.6542463450164,150.898616257911
cf_mean,10,-36.3855944085934,21.4075320591322,32.5095495512746,149.529493601547
