origin_s,requested_horizon_s,target_s,initial_g,target_g,source_known,prefix_known,hold,static_increment,unknown_command_hold
18.06806297038096,0.5,18.611397830351837,0.0088310285663504,-0.0030767442973254,0.008441288451858093,0.008512642814448253,0.0088310285663504,0.008919858863983356,0.008341318796659425
18.06806297038096,2.0,20.070373433772417,0.0088310285663504,-0.0127834248176579,-0.009059700221922064,-0.012421179051348347,0.0088310285663504,-0.00798937032771683,0.007156556250054335
18.06806297038096,5.0,23.074146734932437,0.0088310285663504,-0.0445324729477549,-0.04544031416172376,-0.05771974528720223,0.0088310285663504,-0.05756252911767454,0.0052207062933676265
18.1593194386531,0.5,18.7051151472066,0.0083785058547687,0.001851788558421,0.008344304762724894,0.00848656513963122,0.0083785058547687,0.008820358420634647,0.00791184536878728
18.1593194386531,2.0,20.161834972759777,0.0083785058547687,-0.0127875262319623,-0.013665051289849142,-0.017951305542961607,0.0083785058547687,-0.01279501580527635,0.006789691245291811
18.1593194386531,5.0,23.164582920343705,0.0083785058547687,-0.0467786808484458,-0.04503297303096607,-0.057218095390341485,0.0083785058547687,-0.057685992850368815,0.004953611636478267
18.24944801799154,0.5,18.796781756909184,0.0054596660081618,0.0022961084413941,0.005979540691630546,0.00619075145757691,0.0054596660081618,0.006313669911904764,0.005154744613007798
18.24944801799154,2.0,20.25319397638953,0.0054596660081618,-0.0130158382949054,-0.01922063574468008,-0.024260779217962103,0.0054596660081618,-0.01906916107971504,0.004423778926598352
18.24944801799154,5.0,23.25563431790063,0.0054596660081618,-0.047679624857305,-0.046234386660308074,-0.05844478254818967,0.0054596660081618,-0.06045653734311413,0.0032275975106718763
18.339986738760416,0.5,18.88701287160523,0.0034376687561092,-0.0003985207565742,0.004026089048350487,0.004215566432952379,0.0034376687561092,0.004244177953887487,0.003245780387720574
18.339986738760416,2.0,20.3413743839334,0.0034376687561092,-0.0201946804656474,-0.02274925484942097,-0.028262316969487007,0.0034376687561092,-0.02324671024907759,0.0027861141625147544
18.339986738760416,5.0,23.348326281179297,0.0034376687561092,-0.0449931984879452,-0.04722630360365595,-0.059517440151099436,0.0034376687561092,-0.06283405053662346,0.00203179147223777
18.430320388814074,0.5,18.97847441059259,0.0009672502067794,-0.0004026221708786,0.0013567444258536804,0.0014586861932003054,0.0009672502067794,0.0014257614312306066,0.0009131507984920603
18.430320388814074,2.0,20.434373953284897,0.0009672502067794,-0.0168356221503716,-0.02598398670126065,-0.031843989922972486,0.0009672502067794,-0.027263790092178098,0.0007837041450261729
18.430320388814074,5.0,23.439992890881875,0.0009672502067794,-0.0445488786049723,-0.0484556042888555,-0.06084084281734683,0.0009672502067794,-0.06567311124026083,0.0005716012281344983
18.51983375600686,0.5,19.069833414222344,-0.0032968535316595,-0.0006309342338217,-0.003090215914661734,-0.003103951405808105,-0.0032968535316595,-0.0032665726516004174,-0.0031118536396782456
18.51983375600686,2.0,20.523374643689635,-0.0032968535316595,-0.0222207791320041,-0.030563296362712197,-0.0367767424320405,-0.0032968535316595,-0.032935458486551814,-0.002671384146900233
18.51983375600686,5.0,23.531659500584453,-0.0032968535316595,-0.0441045587219994,-0.05058691369498805,-0.06308710691197565,-0.0032968535316595,-0.07007934851875577,-0.0019478512368622878
18.611397830351837,0.5,19.160269599633608,-0.0030767442973254,-0.0028771421345128,-0.0029224609810645412,-0.0029433182591745767,-0.0030767442973254,-0.003086222535388056,-0.002904439579389766
18.611397830351837,2.0,20.61545139482265,-0.0030767442973254,-0.0208796166544764,-0.03244438006951762,-0.039126313118584916,-0.0030767442973254,-0.0350549626200124,-0.002492899192059301
18.611397830351837,5.0,23.62486414065117,-0.0030767442973254,-0.0402970791094463,-0.04998072861978254,-0.062416306999749586,-0.0030767442973254,-0.06985914896114039,-0.0018174929091977422
18.7051151472066,0.5,19.2520387446938,0.001851788558421,-0.0022086116029012,0.0013789700233853468,0.001311907617255578,0.001851788558421,0.0014874673784848653,0.0017484417848882628
18.7051151472066,2.0,20.794273058493005,0.001851788558421,-0.0298562454286321,-0.03523897165096257,-0.043345892506609175,0.001851788558421,-0.0375286533654523,0.001487044182733417
18.7051151472066,5.0,23.716838356426575,0.001851788558421,-0.0391801272805572,-0.046513514412255666,-0.05870437353056881,0.001851788558421,-0.06484939287436378,0.0010940878729734855
18.796781756909184,0.5,19.344730707972467,0.0022961084413941,0.0004778147664585,0.001138265801185031,0.000931471669026432,0.0022961084413941,0.001256187642301219,0.0021677311510134977
18.796781756909184,2.0,20.88399149640101,0.0022961084413941,-0.0336719278697938,-0.039523161370731544,-0.04865763480573213,0.0022961084413941,-0.04212648189835508,0.001844224170510611
18.796781756909184,5.0,23.80696693576502,0.0022961084413941,-0.0420989671271643,-0.04573570783203933,-0.05784928931293488,0.0022961084413941,-0.06440793725588359,0.0013568234431000725
18.88701287160523,0.5,19.43578210552939,-0.0003985207565742,-0.0004231292424003,-0.003251124028437264,-0.003869635013529137,-0.0003985207565742,-0.0033104022123878916,-0.0003762067329890304
18.88701287160523,2.0,20.9712490857264,-0.0003985207565742,-0.0428686658782837,-0.04587427867436937,-0.05600312518664514,-0.0003985207565742,-0.04943531263467997,-0.0003201900677387468
18.88701287160523,5.0,23.897915797964338,-0.0003985207565742,-0.043224121784662,-0.04638920838621131,-0.058441836015548504,-0.0003985207565742,-0.0666694588054121,-0.00023547736080366773
18.97847441059259,0.5,19.525603078795008,-0.0004026221708786,-0.0040146010349235,-0.005550789984271152,-0.006662199495140735,-0.0004026221708786,-0.005646298669198524,-0.0003801439781296053
18.97847441059259,2.0,21.058404139694176,-0.0004026221708786,-0.0522896145354123,-0.05013020337783198,-0.06121582239717192,-0.0004026221708786,-0.05412010768891477,-0.0003236316412765959
18.97847441059259,5.0,23.98999254909735,-0.0004026221708786,-0.0418829593071345,-0.04361542871841599,-0.05511381001774569,-0.0004026221708786,-0.06431689826417367,-0.00023788543123216853
19.069833414222344,0.5,19.61706461778237,-0.0006309342338217,-0.0040187024492279,-0.007523756206721199,-0.009015741064463779,-0.0006309342338217,-0.007674441741515237,-0.0005957030802408624
19.069833414222344,2.0,21.1483276483174,-0.0006309342338217,-0.0556568756792967,-0.05466709023630131,-0.06673621764988835,-0.0006309342338217,-0.059137299277294934,-0.0005072275589961922
19.069833414222344,5.0,24.081351552727103,-0.0006309342338217,-0.0421112713700775,-0.03934684854643621,-0.049937277341107346,-0.0006309342338217,-0.060422714477659366,-0.00037278141430783124
19.160269599633608,0.5,19.70842362141212,-0.0028771421345128,-0.0042470145121711,-0.011121351110026325,-0.012949926565503027,-0.0028771421345128,-0.011469714855864588,-0.002716220290356281
19.160269599633608,2.0,21.23722580336453,-0.0028771421345128,-0.061266243309568,-0.060143457519925766,-0.07309913818955596,-0.0028771421345128,-0.06557132113006948,-0.0023133971818219477
19.160269599633608,5.0,24.17250548564164,-0.0028771421345128,-0.0427880047302979,-0.03610325053974175,-0.04582412377147893,-0.0028771421345128,-0.058435313320864254,-0.0016998036069105099
19.2520387446938,0.5,19.79855220075056,-0.0022086116029012,-0.0071658543587782,-0.011086011327427595,-0.013045452018489584,-0.0022086116029012,-0.011460705329198536,-0.0020854406403945226
19.2520387446938,2.0,21.325201140193187,-0.0022086116029012,-0.0688935067775873,-0.061344101205689616,-0.07471490068302454,-0.0022086116029012,-0.0671210226963504,-0.0017765655471668647
19.2520387446938,5.0,24.26724815607249,-0.0022086116029012,-0.0356173653881646,-0.03203899477162678,-0.04096458141541989,-0.0022086116029012,-0.05428658721359179,-0.001304431215968423
19.344730707972467,0.5,19.88909092151944,0.0004778147664585,-0.0091878516108303,-0.009316563300183194,-0.011431274474977039,0.0004778147664585,-0.009603180940930742,0.00045126976854400986
19.344730707972467,2.0,21.41563732560445,0.0004778147664585,-0.0711397146782784,-0.059433234719661415,-0.072862696817723,0.0004778147664585,-0.06515439991687656,0.00038443623816202297
19.344730707972467,5.0,24.361478149715296,0.0004778147664585,-0.0295677792892248,-0.02878456503290923,-0.03725963315471026,0.0004778147664585,-0.050019849886323936,0.00028215728343499385
19.43578210552939,0.5,19.979937248361143,-0.0004231292424003,-0.0105372169169668,-0.01074134729165715,-0.012983373591690132,-0.0004231292424003,-0.011078289749987444,-0.00039963090354036204
19.43578210552939,2.0,21.50894450102878,-0.0004231292424003,-0.0671080244170865,-0.05877909455300454,-0.07196203173562889,-0.0004231292424003,-0.0649191493811387,-0.0003403571877734164
19.43578210552939,5.0,24.453247294775487,-0.0004231292424003,-0.0288992487576134,-0.027897303800479206,-0.03604546502211831,-0.0004231292424003,-0.04906771353182783,-0.0002498457743995076
19.525603078795008,0.5,20.070373433772417,-0.0040146010349235,-0.0127834248176579,-0.01547707850179866,-0.018022455728462783,-0.0040146010349235,-0.015986443431217655,-0.0037914066066212677
19.525603078795008,2.0,21.599995898585703,-0.0040146010349235,-0.0680089684259455,-0.059374338170618005,-0.07214858278557078,-0.0040146010349235,-0.06630143749194055,-0.0032288522313298103
19.525603078795008,5.0,24.54552911662372,-0.0040146010349235,-0.0271096649828084,-0.028478792908314114,-0.03633944477831774,-0.0040146010349235,-0.05040964854616774,-0.0023698952120687696
19.61706461778237,0.5,20.161834972759777,-0.0040187024492279,-0.0127875262319623,-0.018068490715163883,-0.021165378210718462,-0.0040187024492279,-0.018586866519138594,-0.003795280000055614
19.61706461778237,2.0,21.69155997293067,-0.0040187024492279,-0.0677888591916113,-0.05716994248877798,-0.06948918161577772,-0.0040187024492279,-0.06421961673774033,-0.0032321161076614043
19.61706461778237,5.0,24.637913473829563,-0.0040187024492279,-0.0250958705593646,-0.027039878885250543,-0.034520820288841556,-0.0040187024492279,-0.04836639053375827,-0.0023720864981793227
19.70842362141212,0.5,20.25319397638953,-0.0042470145121711,-0.0130158382949054,-0.020238875645528086,-0.023760353388171444,-0.0042470145121711,-0.02082814202036752,-0.004010898901232596
19.70842362141212,2.0,21.78517475442782,-0.0042470145121711,-0.0630845369845036,-0.05555281810302875,-0.0675182782038717,-0.0042470145121711,-0.06285899156480187,-0.003414931380964868
19.70842362141212,5.0,24.72947754817453,-0.0042470145121711,-0.0248757613250303,-0.025747120438880233,-0.03287844261593519,-0.0042470145121711,-0.04674872470558722,-0.0025067964069745057
19.79855220075056,0.5,20.3413743839334,-0.0071658543587782,-0.0201946804656474,-0.023873573620612116,-0.02761126331773675,-0.0071658543587782,-0.02472375862582586,-0.006768848376057672
19.79855220075056,2.0,21.8768413641304,-0.0071658543587782,-0.0626402171015305,-0.05660586455014574,-0.06838727979351548,-0.0071658543587782,-0.06478736301147457,-0.005760976160164601
19.79855220075056,5.0,24.820528945731454,-0.0071658543587782,-0.0257767053338893,-0.02530819326449947,-0.03205002311244712,-0.0071658543587782,-0.047315381171740535,-0.004229229125143533
19.88909092151944,0.5,20.434373953284897,-0.0091878516108303,-0.0168356221503716,-0.025592858657489767,-0.02931427419591219,-0.0091878516108303,-0.026649849448851928,-0.008676579776354245
19.88909092151944,2.0,21.967482620256888,-0.0091878516108303,-0.0644380037049443,-0.05676101720509543,-0.06829271954906835,-0.0091878516108303,-0.06555436020150579,-0.007386477812658601
19.88909092151944,5.0,24.912093020076423,-0.0091878516108303,-0.0255565960995549,-0.023459518954033913,-0.029576164460404945,-0.0091878516108303,-0.04593781157832028,-0.0054220117275181594
19.979937248361143,0.5,20.523374643689635,-0.0105372169169668,-0.0222207791320041,-0.0258037879377394,-0.029309503184729642,-0.0105372169169668,-0.026959332466508078,-0.00995278620039959
19.979937248361143,2.0,22.060584724966,-0.0105372169169668,-0.0608547347410299,-0.05568541722960619,-0.06678498974413903,-0.0105372169169668,-0.06476633881882438,-0.008469279783451139
19.979937248361143,5.0,25.003964700494222,-0.0105372169169668,-0.0246638549193047,-0.020692099318521243,-0.026005293303384858,-0.0105372169169668,-0.04293798238973259,-0.006217641011097658
20.070373433772417,0.5,20.61545139482265,-0.0127834248176579,-0.0208796166544764,-0.02662860515874077,-0.02986473183095259,-0.0127834248176579,-0.02785241394864471,-0.012093839630656548
20.070373433772417,2.0,22.153789365032715,-0.0127834248176579,-0.0570472551284768,-0.05433043121660454,-0.06476716911803933,-0.0127834248176579,-0.06357741447590629,-0.010289981115860925
20.070373433772417,5.0,25.09716934056094,-0.0127834248176579,-0.0208563753067516,-0.017537675493247005,-0.021821848478148338,-0.0127834248176579,-0.03931435374833506,-0.0075542915366206545
20.161834972759777,0.5,20.704759691300215,-0.0127875262319623,-0.0255921416901929,-0.02544241909733827,-0.02840809100979507,-0.0127875262319623,-0.026534436195055005,-0.012202045194992683
20.161834972759777,2.0,22.244943297947245,-0.0127875262319623,-0.0577239884886973,-0.050319100806563336,-0.05983917952600046,-0.0127875262319623,-0.05905048343604068,-0.010380035501607179
20.161834972759777,5.0,25.189963839197222,-0.0127875262319623,-0.0179457382887533,-0.013494588754925763,-0.016718800582307937,-0.0127875262319623,-0.033432554655153456,-0.007619091532192163
20.25319397638953,0.5,20.794273058493005,-0.0130158382949054,-0.0298562454286321,-0.02615345568531169,-0.029215972311887946,-0.0130158382949054,-0.027184159390940064,-0.01245021364493616
20.25319397638953,2.0,22.336609907649823,-0.0130158382949054,-0.0572796686057244,-0.047148405089654774,-0.05591795476981001,-0.0130158382949054,-0.05558765867143779,-0.010588753145645198
20.25319397638953,5.0,25.28337354997916,-0.0130158382949054,-0.0136898373789229,-0.010296563534487276,-0.012662501319729152,-0.0130158382949054,-0.028896293925558095,-0.007770870809490164
20.3413743839334,0.5,20.88399149640101,-0.0201946804656474,-0.0336719278697938,-0.03580740565663788,-0.039527799524355534,-0.0201946804656474,-0.037272241468334286,-0.01907625617707004
20.3413743839334,2.0,22.42930187092849,-0.0201946804656474,-0.0545932422363646,-0.05081351111057707,-0.05926930234164008,-0.0201946804656474,-0.06063168282329412,-0.016219055887549325
20.3413743839334,5.0,25.37555283646978,-0.0201946804656474,-0.0121244642527564,-0.012029933276607814,-0.014021919852802038,-0.0201946804656474,-0.03278806632840807,-0.011903476364489797
20.434373953284897,0.5,20.9712490857264,-0.0168356221503716,-0.0428686658782837,-0.035774764831201,-0.04015326271703039,-0.0168356221503716,-0.03714364081807084,-0.015998045545464978
20.434373953284897,2.0,22.520865945273464,-0.0168356221503716,-0.0543731330020302,-0.04662782585544133,-0.0547095870907346,-0.0168356221503716,-0.05586422028776188,-0.013595743844034216
20.434373953284897,5.0,25.46814226439084,-0.0168356221503716,-0.0096622485320354,-0.00828035835535849,-0.009716067785928515,-0.0168356221503716,-0.027143006925002253,-0.009977103099646795
20.523374643689635,0.5,21.058404139694176,-0.0222207791320041,-0.0522896145354123,-0.04420083650483968,-0.049334935064505564,-0.0222207791320041,-0.04598832882409598,-0.021006874703058162
20.523374643689635,2.0,22.612737625691267,-0.0222207791320041,-0.0534803918217798,-0.04945259273649019,-0.057325495804090604,-0.0222207791320041,-0.05981790090114519,-0.01784359704540301
20.523374643689635,5.0,25.56134690445756,-0.0222207791320041,-0.0058547689194825,-0.009865353037684786,-0.011084672888762241,-0.0222207791320041,-0.030403115499481423,-0.013092515887643595
20.61545139482265,0.5,21.1483276483174,-0.0208796166544764,-0.0556568756792967,-0.04556809687708638,-0.051266904832253955,-0.0208796166544764,-0.04738252366334164,-0.01974344222104379
20.61545139482265,2.0,22.70655747790364,-0.0208796166544764,-0.0483276483173948,-0.04592595715272977,-0.05323153143482998,-0.0208796166544764,-0.0558700477336695,-0.016763556339899035
20.61545139482265,5.0,25.65229576665687,-0.0208796166544764,-0.0069799235769802,-0.006604423829161529,-0.007138803821460739,-0.0208796166544764,-0.0255886020515196,-0.012303758002141134
20.704759691300215,0.5,21.23722580336453,-0.0255921416901929,-0.061266243309568,-0.050828234865541125,-0.05673293834819865,-0.0255921416901929,-0.0529624570950363,-0.024200575100614078
20.704759691300215,2.0,22.70655747790364,-0.0255921416901929,-0.0483276483173948,-0.047196249749729885,-0.05392312256337939,-0.0255921416901929,-0.05722744926329707,-0.020740671338542422
20.704759691300215,5.0,25.74273195206814,-0.0255921416901929,-0.0092261314776713,-0.006163366923211714,-0.006019086926251447,-0.0255921416901929,-0.025637689922255246,-0.015078927686882456
20.794273058493005,0.5,21.325201140193187,-0.0298562454286321,-0.0688935067775873,-0.053367454317916736,-0.058980591063659826,-0.0298562454286321,-0.05575253577814414,-0.028237378993278474
20.794273058493005,2.0,22.798429158321436,-0.0298562454286321,-0.0474349071371444,-0.046815592067845,-0.052742944798391866,-0.0298562454286321,-0.057136020125971555,-0.024190443405302887
20.794273058493005,5.0,25.834603632485937,-0.0298562454286321,-0.0083333902974209,-0.005222208007688994,-0.004303505691699499,-0.0298562454286321,-0.02469913765043719,-0.017586988428110316
20.88399149640101,0.5,21.41563732560445,-0.0336719278697938,-0.0711397146782784,-0.05336830384903524,-0.0582313392001455,-0.0336719278697938,-0.055921473012472564,-0.03184376741326881
20.88399149640101,2.0,22.889378020520752,-0.0336719278697938,-0.0485600617946422,-0.045622425692785906,-0.05062188871893655,-0.0336719278697938,-0.05594155069526895,-0.027278501586657004
20.88399149640101,5.0,25.927090525049397,-0.0336719278697938,-0.0060953852253384,-0.004182340262147845,-0.002470944374981344,-0.0336719278697938,-0.02309495041964262,-0.0198288726724353
20.9712490857264,0.5,21.50894450102878,-0.0428686658782837,-0.0671080244170865,-0.058213257089264114,-0.06231091359480518,-0.0428686658782837,-0.06123977559473002,-0.04051544021551256
20.9712490857264,2.0,22.98176237772659,-0.0428686658782837,-0.0465462673711987,-0.04927107762260148,-0.05355497217086978,-0.0428686658782837,-0.06066485970152631,-0.03471032747030688
20.9712490857264,5.0,26.01896220546719,-0.0428686658782837,-0.0052026440450883,-0.00614211028765475,-0.003804896473073225,-0.0428686658782837,-0.02684245971331875,-0.025232460542742287
21.058404139694176,0.5,21.599995898585703,-0.0522896145354123,-0.0680089684259455,-0.06264989798063711,-0.06584395807872517,-0.0522896145354123,-0.06610264197271311,-0.0493990227603945
21.058404139694176,2.0,23.074146734932437,-0.0522896145354123,-0.0445324729477549,-0.05292763025638317,-0.056455832561178775,-0.0522896145354123,-0.06536080670194792,-0.04231513417606262
21.058404139694176,5.0,26.11114149195781,-0.0522896145354123,-0.0036372709189218,-0.007442469298652742,-0.004307021281619361,-0.0522896145354123,-0.029887533334675087,-0.030761390687297094
21.1483276483174,0.5,21.69155997293067,-0.0556568756792967,-0.0677888591916113,-0.06092385572191372,-0.06307404086070258,-0.0556568756792967,-0.06439493243202943,-0.052571083655634475
21.1483276483174,2.0,23.164582920343705,-0.0556568756792967,-0.0467786808484458,-0.051461604730492466,-0.054055820811128114,-0.0556568756792967,-0.06365315925852016,-0.045037650544457235
21.1483276483174,5.0,26.203730919878872,-0.0556568756792967,-0.0011750551982008,-0.0038292211501686976,0.0006220766258564145,-0.0556568756792967,-0.025328264744350886,-0.03273314845834443
21.23722580336453,0.5,21.78517475442782,-0.061266243309568,-0.0630845369845036,-0.06214033157092673,-0.06344181426743706,-0.061266243309568,-0.06577661408799389,-0.05784079781836737
21.23722580336453,2.0,23.25563431790063,-0.061266243309568,-0.047679624857305,-0.05262233880147171,-0.05451511487859843,-0.061266243309568,-0.06513314080695863,-0.04956555402312586
21.23722580336453,5.0,26.29570513565428,-0.061266243309568,-5.810336931189042e-05,-0.0014001866183295311,0.00428647794733146,-0.061266243309568,-0.0231739189367939,-0.03602051658521973
21.325201140193187,0.5,21.8768413641304,-0.0688935067775873,-0.0626402171015305,-0.06688201820536532,-0.06769855557293838,-0.0688935067775873,-0.07085469806313179,-0.06501641060075142
21.325201140193187,2.0,23.348326281179297,-0.0688935067775873,-0.0449931984879452,-0.05685122350864688,-0.058426158796384145,-0.0688935067775873,-0.07037843396502895,-0.05570855871672098
21.325201140193187,5.0,26.388089492860125,-0.0688935067775873,0.0019556910541316,-0.0015632243009401567,0.0049221902129199385,-0.0688935067775873,-0.025091588295818923,-0.04048609797441818
21.41563732560445,0.5,21.967482620256888,-0.0711397146782784,-0.0644380037049443,-0.0679119341631129,-0.06850308432119775,-0.0711397146782784,-0.07195500429300807,-0.06713476384242732
21.41563732560445,2.0,23.439992890881875,-0.0711397146782784,-0.0445488786049723,-0.05772383724451194,-0.059115130590865074,-0.0711397146782784,-0.07145981468843693,-0.05751745238276481
21.41563732560445,5.0,26.48211441578772,-0.0711397146782784,0.0075568558557943,-0.0006091030973178965,0.006375475116144627,-0.0711397146782784,-0.024177719830684827,-0.04179035876350127
21.50894450102878,0.5,22.060584724966,-0.0671080244170865,-0.0608547347410299,-0.06370969240105409,-0.06418842195454663,-0.0671080244170865,-0.06749628668779284,-0.06333140921672423
21.50894450102878,2.0,23.531659500584453,-0.0671080244170865,-0.0441045587219994,-0.05399230104372465,-0.055191265327646497,-0.0671080244170865,-0.0668331703676805,-0.05426712174352538
21.50894450102878,5.0,26.57552412656965,-0.0671080244170865,0.0118127567656247,0.002176566263093642,0.009461262566188455,-0.0671080244170865,-0.019079317768686446,-0.039421555675927214
21.599995898585703,0.5,22.153789365032715,-0.0680089684259455,-0.0570472551284768,-0.06464168398988503,-0.06514700038489614,-0.0680089684259455,-0.068487964023471,-0.0641671418905936
21.599995898585703,2.0,23.62486414065117,-0.0680089684259455,-0.0402970791094463,-0.054576091567720225,-0.05576075684161981,-0.0680089684259455,-0.0675671498373374,-0.05498324044858546
21.599995898585703,5.0,26.66555017055048,-0.0680089684259455,0.0086697062703788,0.0014824322826673536,0.008753451443981368,-0.0680089684259455,-0.0196812702057289,-0.03995510251322183
21.69155997293067,0.5,22.244943297947245,-0.0677888591916113,-0.0577239884886973,-0.06458206082505336,-0.06511745248621935,-0.0677888591916113,-0.06841906617708793,-0.06396222109077106
21.69155997293067,2.0,23.716838356426575,-0.0677888591916113,-0.0391801272805572,-0.054293927615600035,-0.05545261053649235,-0.0677888591916113,-0.06724191617988334,-0.05480292850890802
21.69155997293067,5.0,26.75701170953784,-0.0677888591916113,0.0086656048560744,0.0010530866710785,0.008257348717952431,-0.0677888591916113,-0.019626211911295627,-0.03982621765193563
21.78517475442782,0.5,22.336609907649823,-0.0630845369845036,-0.0572796686057244,-0.0600602402964627,-0.06054698922399221,-0.0630845369845036,-0.06362550781660163,-0.05953563213476744
21.78517475442782,2.0,23.80696693576502,-0.0630845369845036,-0.0420989671271643,-0.05035134577811317,-0.05138594517785566,-0.0630845369845036,-0.06237490214572713,-0.05101845881361519
21.78517475442782,5.0,26.85247212747196,-0.0630845369845036,0.0174057187386782,0.0032471911107654836,0.010536702309011152,-0.0630845369845036,-0.01509404949112627,-0.03705522841624875
21.8768413641304,0.5,22.42930187092849,-0.0626402171015305,-0.0545932422363646,-0.05946242808398146,-0.05991116965838629,-0.0626402171015305,-0.06301361507352851,-0.05910994381522829
21.8768413641304,2.0,23.897915797964338,-0.0626402171015305,-0.043224121784662,-0.0494292819278528,-0.050333814556877916,-0.0626402171015305,-0.061356662561754614,-0.0506629412738425
21.8768413641304,5.0,26.943933666459323,-0.0626402171015305,0.0174016173243738,0.003026309791392595,0.010271103258995419,-0.0626402171015305,-0.014748437307259984,-0.036795031622166505
21.967482620256888,0.5,22.520865945273464,-0.0644380037049443,-0.0543731330020302,-0.060905755175506615,-0.061312891367185665,-0.0644380037049443,-0.06456209108968072,-0.0608005192707773
21.967482620256888,2.0,23.98999254909735,-0.0644380037049443,-0.0418829593071345,-0.048514812903931455,-0.048947279332631474,-0.0644380037049443,-0.06075821752217681,-0.05210912285282178
21.967482620256888,5.0,27.03611295294995,-0.0644380037049443,0.0189669904505402,0.0019285477239194826,0.009145766528740842,-0.0644380037049443,-0.01617628614189981,-0.03784494410321369
22.060584724966,0.5,22.612737625691267,-0.0608547347410299,-0.0534803918217798,-0.05720794202558878,-0.057522846585660044,-0.0608547347410299,-0.06064485015785469,-0.05742694233566394
22.060584724966,2.0,24.081351552727103,-0.0608547347410299,-0.0421112713700775,-0.041705149355389715,-0.04122543396232212,-0.0608547347410299,-0.05317062279759986,-0.04922044616016944
22.060584724966,5.0,27.129317593016665,-0.0608547347410299,0.0227744700630934,0.0037731612819525417,0.011108081616200152,-0.0608547347410299,-0.012398193776425565,-0.035740077397608
22.153789365032715,0.5,22.70655747790364,-0.0570472551284768,-0.0483276483173948,-0.05310525714765253,-0.053287951875307535,-0.0570472551284768,-0.05631268568040832,-0.05383045095142537
22.153789365032715,2.0,24.17250548564164,-0.0570472551284768,-0.0427880047302979,-0.03432475862764214,-0.03283855273676716,-0.0570472551284768,-0.04491168570294233,-0.04615082185121623
22.153789365032715,5.0,27.221291808792067,-0.0570472551284768,0.0238914218919823,0.005887784387932207,0.013381463477030231,-0.0570472551284768,-0.00822254853458352,-0.033508267690728344
22.244943297947245,0.5,22.798429158321436,-0.0577239884886973,-0.0474349071371444,-0.053274041918019155,-0.053359847840126554,-0.0577239884886973,-0.05650587367992069,-0.05446491957052712
22.244943297947245,2.0,24.26724815607249,-0.0577239884886973,-0.0356173653881646,-0.031717593083186696,-0.02955785271035717,-0.0577239884886973,-0.04228795384933465,-0.046680700888311846
22.244943297947245,5.0,27.311830529560943,-0.0577239884886973,0.02186942463993,0.005068942272837447,0.012495525210673306,-0.0577239884886973,-0.008885474472574761,-0.033907955854814105
22.336609907649823,0.5,22.889378020520752,-0.0572796686057244,-0.0485600617946422,-0.05282134974009385,-0.05289524900811835,-0.0572796686057244,-0.05601723040279654,-0.05404975900155417
22.336609907649823,2.0,24.361478149715296,-0.0572796686057244,-0.0295677792892248,-0.0305011204692859,-0.028137056452340208,-0.0572796686057244,-0.040862602689447525,-0.04630891873022921
22.336609907649823,5.0,27.40226671497221,-0.0572796686057244,0.0196232167392387,0.004906882513088386,0.012294467763175547,-0.0572796686057244,-0.008530565744338033,-0.0336513028274189
22.42930187092849,0.5,22.98176237772659,-0.0545932422363646,-0.0465462673711987,-0.05045696830477057,-0.05055051972277453,-0.0545932422363646,-0.05349833737710119,-0.05151647983678223
22.42930187092849,2.0,24.453247294775487,-0.0545932422363646,-0.0288992487576134,-0.02849805657165533,-0.02610298920524497,-0.0545932422363646,-0.03822181742099402,-0.04414129933271012
22.42930187092849,5.0,27.49352318324436,-0.0545932422363646,0.019170694027657,0.006016666829363332,0.013429744497444301,-0.0545932422363646,-0.006011734815898569,-0.03207788554005544
22.520865945273464,0.5,23.074146734932437,-0.0543731330020302,-0.0445324729477549,-0.05041013544112082,-0.05053801161828484,-0.0543731330020302,-0.053443661025803,-0.05130435648522362
22.520865945273464,2.0,24.54552911662372,-0.0543731330020302,-0.0271096649828084,-0.028725860781494868,-0.026399100234647928,-0.0543731330020302,-0.038293707350795375,-0.04396001717505771
22.520865945273464,5.0,27.585292328304547,-0.0543731330020302,0.0198392245592688,0.005735508069316324,0.013098810759707195,-0.0543731330020302,-0.005908245802216126,-0.031947865881015745
22.612737625691267,0.5,23.164582920343705,-0.0534803918217798,-0.0467786808484458,-0.04973956590614113,-0.04989654050296521,-0.0534803918217798,-0.052717032840384,-0.050469607467401735
22.612737625691267,2.0,24.637913473829563,-0.0534803918217798,-0.0250958705593646,-0.02831969506787582,-0.026029770348028964,-0.0534803918217798,-0.03760557980991122,-0.04323591928317147
22.612737625691267,5.0,27.677164008722343,-0.0534803918217798,0.020731965739519,0.006083206818926726,0.013469387237239373,-0.0534803918217798,-0.004900048038889049,-0.031423320505047925
22.70655747790364,0.5,23.25563431790063,-0.0483276483173948,-0.047679624857305,-0.045245806459707265,-0.04544780253272401,-0.0483276483173948,-0.04792955364652466,-0.04562020714990621
22.70655747790364,2.0,24.72947754817453,-0.0483276483173948,-0.0248757613250303,-0.024263880635970583,-0.021886473606669253,-0.0483276483173948,-0.03246276006834527,-0.039079468174142665
22.70655747790364,5.0,27.76872808306731,-0.0483276483173948,0.0209520749738534,0.008590951406317257,0.016071614551488686,-0.0483276483173948,-1.4381856657350034e-05,-0.028402464292713134
22.798429158321436,0.5,23.348326281179297,-0.0474349071371444,-0.0449931984879452,-0.044881140542838364,-0.0451830175777394,-0.0474349071371444,-0.04753634997675863,-0.04477362315900897
22.798429158321436,2.0,24.820528945731454,-0.0474349071371444,-0.0257767053338893,-0.022596435762707444,-0.019990081236439652,-0.0474349071371444,-0.030540632235127447,-0.03836086953374372
22.798429158321436,5.0,27.85977948062424,-0.0474349071371444,0.0200511309649944,0.008593702312776764,0.016015635129784267,-0.0474349071371444,0.0005708361733557585,-0.027880195869464004
22.889378020520752,0.5,23.439992890881875,-0.0485600617946422,-0.0445488786049723,-0.04612801776660096,-0.04647824659317609,-0.0485600617946422,-0.04886008412200435,-0.045832198031255225
22.889378020520752,2.0,24.912093020076423,-0.0485600617946422,-0.0255565960995549,-0.021709698897771034,-0.018726681308443613,-0.0485600617946422,-0.029738725103389974,-0.03926825157159607
22.889378020520752,5.0,27.95031820139312,-0.0485600617946422,0.0180291337129419,0.007672944200587943,0.015029127772316828,-0.0485600617946422,-0.0005244224007586382,-0.02854274249047622
22.98176237772659,0.5,23.531659500584453,-0.0465462673711987,-0.0441045587219994,-0.044227580846361476,-0.04456532430416922,-0.0465462673711987,-0.046846329214996395,-0.04393483956258432
22.98176237772659,2.0,25.003964700494222,-0.0465462673711987,-0.0246638549193047,-0.018216977580823586,-0.014777370234603293,-0.0465462673711987,-0.025681089106016942,-0.03764181641976559
22.98176237772659,5.0,28.040651851446786,-0.0465462673711987,0.015558715163612,0.008651930668900423,0.01606915631399563,-0.0465462673711987,0.0016311321616240826,-0.02736496157423778
23.074146734932437,0.5,23.62486414065117,-0.0445324729477549,-0.0402970791094463,-0.04231996789659354,-0.04264592677693019,-0.0445324729477549,-0.04483248962991198,-0.04203040666721956
23.074146734932437,2.0,25.09716934056094,-0.0445324729477549,-0.0208563753067516,-0.014606970191704777,-0.010684851415099353,-0.0445324729477549,-0.021490243088474345,-0.036010165680971665
23.074146734932437,5.0,28.131293107573264,-0.0445324729477549,0.0137609285601985,0.009491897574084623,0.016939725950367784,-0.0445324729477549,0.0036448306165814542,-0.0261858262899714
23.164582920343705,0.5,23.716838356426575,-0.0467786808484458,-0.0391801272805572,-0.044324915154221295,-0.044642263123325324,-0.0467786808484458,-0.04697351101022712,-0.04414328149359924
23.164582920343705,2.0,25.189963839197222,-0.0467786808484458,-0.0179457382887533,-0.015423439670669638,-0.011307590748070584,-0.0467786808484458,-0.022532732226544495,-0.03781714477337052
23.164582920343705,5.0,28.223164787991067,-0.0467786808484458,0.0146536697404489,0.007793680511621038,0.015114634215066505,-0.0467786808484458,0.0013575126187024833,-0.02750248778818062
23.25563431790063,0.5,23.80696693576502,-0.047679624857305,-0.0420989671271643,-0.044923031825675815,-0.04519014397652803,-0.047679624857305,-0.04761346329956379,-0.04499782835935045
23.25563431790063,2.0,25.28337354997916,-0.047679624857305,-0.0136898373789229,-0.015123512118272592,-0.010779424040348748,-0.047679624857305,-0.022172704224558602,-0.03853594859703061
23.25563431790063,5.0,28.31493393305125,-0.047679624857305,0.0153222002720605,0.006699683560949653,0.013904344692011843,-0.047679624857305,0.000265618940033345,-0.02803006531090051
23.348326281179297,0.5,23.897915797964338,-0.0449931984879452,-0.043224121784662,-0.041666914168981564,-0.04176079236889439,-0.0449931984879452,-0.044185908046272156,-0.04247027563318496
23.348326281179297,2.0,25.37555283646978,-0.0449931984879452,-0.0121244642527564,-0.011730739509584108,-0.007044120386750272,-0.0449931984879452,-0.01799924406316001,-0.03636666452678157
23.348326281179297,5.0,28.406190401323396,-0.0449931984879452,0.0148696775604786,0.008064265172572957,0.015354956580331976,-0.0449931984879452,0.0031398112381008786,-0.026454746685679126
23.439992890881875,0.5,23.98999254909735,-0.0445488786049723,-0.0418829593071345,-0.038888420533425117,-0.03847596691607244,-0.0445488786049723,-0.04136428202677594,-0.04204905941353333
23.439992890881875,2.0,25.46814226439084,-0.0445488786049723,-0.0096622485320354,-0.010515583857407432,-0.0056090133744926066,-0.0445488786049723,-0.016446942231520226,-0.0360040451627679
23.439992890881875,5.0,28.49857475852924,-0.0445488786049723,0.0168834719839223,0.008200390916003619,0.015512393940825705,-0.0445488786049723,0.0038160438095966726,-0.026191525019267362
23.531659500584453,0.5,24.081351552727103,-0.0441045587219994,-0.0421112713700775,-0.0346810902029534,-0.03345392528279614,-0.0441045587219994,-0.0370835630986817,-0.041631016733967706
23.531659500584453,2.0,25.56134690445756,-0.0441045587219994,-0.0058547689194825,-0.009542635385752424,-0.004468932751697852,-0.0441045587219994,-0.015143005057272754,-0.03563919345746111
23.531659500584453,5.0,28.591061651092687,-0.0441045587219994,0.0191214770560046,0.008422141833888213,0.015770452255402957,-0.0441045587219994,0.0045498469552558915,-0.025928063727176088
23.62486414065117,0.5,24.17250548564164,-0.0402970791094463,-0.0427880047302979,-0.026987500648985092,-0.024852347547298592,-0.0402970791094463,-0.029082323870045432,-0.038045265433268874
23.62486414065117,2.0,25.65229576665687,-0.0402970791094463,-0.0069799235769802,-0.005592369095042425,-0.00022912003822173066,-0.0402970791094463,-0.010201878165361517,-0.032570229542228754
23.62486414065117,5.0,28.68231811936483,-0.0402970791094463,0.0186689543444231,0.011393460292472873,0.019060682698887856,-0.0402970791094463,0.009425422794601408,-0.023694579760287715
23.716838356426575,0.5,24.26724815607249,-0.0391801272805572,-0.0356173653881646,-0.02299854532361076,-0.02022064416430764,-0.0391801272805572,-0.024921242638399135,-0.03697997804127372
23.716838356426575,2.0,25.74273195206814,-0.0391801272805572,-0.0092261314776713,-0.0037362751085112805,0.0018804677960853403,-0.0391801272805572,-0.007886778268838462,-0.031672564519644376
23.716838356426575,5.0,28.77347205227936,-0.0391801272805572,0.0179922209842027,0.013190135132663178,0.02116523937074879,-0.0391801272805572,0.011980091620443702,-0.02303979925863825
23.80696693576502,0.5,24.361478149715296,-0.0420989671271643,-0.0295677792892248,-0.024963515461453666,-0.022022973507329055,-0.0420989671271643,-0.02693250688176193,-0.03971780314553104
23.80696693576502,2.0,25.834603632485937,-0.0420989671271643,-0.0083333902974209,-0.0053140499994692135,0.0004405754434195913,-0.0420989671271643,-0.009788965739346171,-0.034025878022968706
23.80696693576502,5.0,28.865343732697163,-0.0420989671271643,0.0188849621644529,0.01281306032527206,0.02099600220512605,-0.0420989671271643,0.010683076619801918,-0.024751686866463816
23.897915797964338,0.5,24.453247294775487,-0.043224121784662,-0.0288992487576134,-0.026581345593384136,-0.023753207587262272,-0.043224121784662,-0.02850964948106532,-0.040775805656297355
23.897915797964338,2.0,25.927090525049397,-0.043224121784662,-0.0060953852253384,-0.006415917786545607,-0.000705684893976842,-0.043224121784662,-0.010944655491324888,-0.03492962656184635
23.897915797964338,5.0,28.95701034239974,-0.043224121784662,0.019329282047426,0.012835720765404988,0.021133871398991186,-0.043224121784662,0.010367358732360762,-0.02541129567785684
23.98999254909735,0.5,24.54552911662372,-0.0418829593071345,-0.0271096649828084,-0.027751331341313322,-0.02543387696574036,-0.0418829593071345,-0.029607407223403596,-0.039509759032258424
23.98999254909735,2.0,26.01896220546719,-0.0418829593071345,-0.0052026440450883,-0.006496215997158741,-0.0010293188580284829,-0.0418829593071345,-0.010940047239982428,-0.033846555322143035
