origin_s,horizon_s,target_s,input_shift_s,forcing_lower_g,forcing_upper_g,MSE_difference_lower_g2,MSE_difference_upper_g2
18.06806297038096,0.5,18.611397830351837,-0.03,-0.002423346042214366,0.0028269006759810327,-0.00011453097938222322,8.743173482051936e-05
18.06806297038096,0.5,18.611397830351837,0.0,-0.002533435880059273,0.002733375190456697,-0.00011817571749351671,8.335177886014837e-05
18.06806297038096,0.5,18.611397830351837,0.03,-0.0025720883909720518,0.0026609210956313268,-0.00011944963474770076,8.020306718840483e-05
18.06806297038096,2.0,20.070373433772417,-0.03,-0.02235850780821217,-0.012855284098599533,-0.0008356436724497749,-0.00011036837234892823
18.06806297038096,2.0,20.070373433772417,0.0,-0.020998273137857296,-0.011434239806095405,-0.0008218251068358013,-0.00013364551694046333
18.06806297038096,2.0,20.070373433772417,0.03,-0.019599785870244232,-0.010577612956227271,-0.0008037598972235379,-0.00015371922521942912
18.06806297038096,5.0,23.074146734932437,-0.03,-0.05325972856963146,-0.04761458282825358,-0.003635206683473328,-0.0020779123327234234
18.06806297038096,5.0,23.074146734932437,0.0,-0.053492498448527916,-0.04782954246165488,-0.0036359460475877525,-0.002073799728725789
18.06806297038096,5.0,23.074146734932437,0.03,-0.05369685176522901,-0.04801602934213359,-0.00363650582250741,-0.002070099864121089
18.1593194386531,0.5,18.7051151472066,-0.03,-0.0021149664553450215,0.003289620916982705,-7.563734641185122e-05,8.335010696858158e-05
18.1593194386531,0.5,18.7051151472066,0.0,-0.002224058566366328,0.00308897735424143,-7.824502437120227e-05,7.640361122305682e-05
18.1593194386531,0.5,18.7051151472066,0.03,-0.002308281653794993,0.0029234103841401697,-8.024196523420229e-05,7.07321371749528e-05
18.1593194386531,2.0,20.161834972759777,-0.03,-0.02587279797372501,-0.017135527168249717,-0.0008540558814672731,1.2529848720065312e-05
18.1593194386531,2.0,20.161834972759777,0.0,-0.025067508429772435,-0.01584197664050953,-0.0008518440745716425,-8.664036264045285e-06
18.1593194386531,2.0,20.161834972759777,0.03,-0.023747689379388925,-0.014386837226488987,-0.0008454143029993643,-4.059472554994036e-05
18.1593194386531,5.0,23.164582920343705,-0.03,-0.052585677615992255,-0.04694399363407443,-0.0038905112805061003,-0.002238166826308679
18.1593194386531,5.0,23.164582920343705,0.0,-0.05281632632028338,-0.047156843014605376,-0.003892675249671457,-0.002235109130794771
18.1593194386531,5.0,23.164582920343705,0.03,-0.05304770271350137,-0.04737036392779367,-0.003894739144386321,-0.0022319348866534235
18.24944801799154,0.5,18.796781756909184,-0.03,-0.0019601667324628744,0.003610801558577667,-4.2329411600425436e-05,7.173751463301171e-05
18.24944801799154,0.5,18.796781756909184,0.0,-0.0019725088981142613,0.003622101055359768,-4.25132102914977e-05,7.203195138567394e-05
18.24944801799154,0.5,18.796781756909184,0.03,-0.002005343460943533,0.0034955690279581918,-4.300069700883217e-05,6.874942239666563e-05
18.24944801799154,2.0,20.25319397638953,-0.03,-0.027906886136614607,-0.020752819605760132,-0.0006352697459126015,0.00013759737567088664
18.24944801799154,2.0,20.25319397638953,0.0,-0.027354300320504198,-0.019934529022052574,-0.0006352697459126015,0.00011955632919000001
18.24944801799154,2.0,20.25319397638953,0.03,-0.02658940851299217,-0.01854829618937951,-0.0006352697459126015,9.559155819024474e-05
18.24944801799154,5.0,23.25563431790063,-0.03,-0.052409826310540544,-0.046373777358149376,-0.003468361421672438,-0.00220134563291969
18.24944801799154,5.0,23.25563431790063,0.0,-0.0524032089216721,-0.046520759420287786,-0.003468321067984133,-0.0022014256722867366
18.24944801799154,5.0,23.25563431790063,0.03,-0.05246268239979794,-0.046701224517290287,-0.0034686806013664653,-0.0022007031786208924
18.339986738760416,0.5,18.88701287160523,-0.03,-0.0021050711838780586,0.003456370126184896,-4.560868488111413e-05,7.242687263254771e-05
18.339986738760416,0.5,18.88701287160523,0.0,-0.0020091850748123023,0.003569802396072193,-4.409767707694679e-05,7.547806327576695e-05
18.339986738760416,0.5,18.88701287160523,0.03,-0.0019488344847807398,0.003599434959300249,-4.313722178956776e-05,7.627938270614822e-05
18.339986738760416,2.0,20.3413743839334,-0.03,-0.02913732827953336,-0.022847738419831974,-0.0008549980513927159,0.00022663178536935422
18.339986738760416,2.0,20.3413743839334,0.0,-0.028743750854742702,-0.022326987169128683,-0.0008549980513927159,0.0002121798053429193
18.339986738760416,2.0,20.3413743839334,0.03,-0.028316466362359252,-0.02149711374720904,-0.0008549980513927159,0.00019684085903572124
18.339986738760416,5.0,23.348326281179297,-0.03,-0.05214309978167137,-0.046298077164137405,-0.0030673259693906165,-0.0017830662134367026
18.339986738760416,5.0,23.348326281179297,0.0,-0.05224404689216417,-0.0462721432596232,-0.0030673714619234133,-0.0017811477418815844
18.339986738760416,5.0,23.348326281179297,0.03,-0.05234533907762116,-0.046281066679102034,-0.0030673966247064238,-0.0017792022270131716
18.430320388814074,0.5,18.97847441059259,-0.03,-0.0024233704455527217,0.002989702121324849,-5.7533211110188216e-05,5.408919867939112e-05
18.430320388814074,0.5,18.97847441059259,0.0,-0.002322745921381054,0.0032099331761042756,-6.083394452446974e-05,5.147966821268562e-05
18.430320388814074,0.5,18.97847441059259,0.03,-0.002201394270645564,0.003341705343867551,-6.276250791551257e-05,5.399284043133746e-05
18.430320388814074,2.0,20.434373953284897,-0.03,-0.030184281989251185,-0.024104486981695254,-0.0007781358130220007,0.00023712681852099772
18.430320388814074,2.0,20.434373953284897,0.0,-0.02976039632832011,-0.0237749853642536,-0.0007781358130220007,0.0002213368437018679
18.430320388814074,2.0,20.434373953284897,0.03,-0.029479921922121337,-0.023330444711873826,-0.0007781358130220007,0.0002110865722441179
18.430320388814074,5.0,23.439992890881875,-0.03,-0.05177076597725437,-0.04603788945768645,-0.0027295590993813698,-0.0013625561169192343
18.430320388814074,5.0,23.439992890881875,0.0,-0.05193477695391947,-0.046119634080060555,-0.0027295590993813698,-0.0013586220217721642
18.430320388814074,5.0,23.439992890881875,0.03,-0.0520622497861981,-0.04620160840305067,-0.0027295590993813698,-0.0013555272027743113
18.51983375600686,0.5,19.069833414222344,-0.03,-0.002601584279736476,0.0026449087005340696,-4.5199120449162185e-05,4.426333880547414e-05
18.51983375600686,0.5,19.069833414222344,0.0,-0.0026098850198204944,0.0026531604698533853,-4.529646751570778e-05,4.44485005329745e-05
18.51983375600686,0.5,19.069833414222344,0.03,-0.002528118998630437,0.002766628078984406,-4.662124667285744e-05,4.2630581246620174e-05
18.51983375600686,2.0,20.523374643689635,-0.03,-0.03187249898166308,-0.025086939452292005,-0.0006126825100769817,0.00035147859138864374
18.51983375600686,2.0,20.523374643689635,0.0,-0.03105313451740375,-0.02473068991422018,-0.0006128610551510776,0.00031770500771268736
18.51983375600686,2.0,20.523374643689635,0.03,-0.03061203470735551,-0.024429108233686075,-0.0006128663063466606,0.00030007919762044743
18.51983375600686,5.0,23.531659500584453,-0.03,-0.05129769095124754,-0.04567314044389004,-0.002281110214681184,-0.0009348839536405259
18.51983375600686,5.0,23.531659500584453,0.0,-0.05146021034591576,-0.04581791457033577,-0.002281110214681184,-0.0009301334043697449
18.51983375600686,5.0,23.531659500584453,0.03,-0.05162324201519985,-0.045922104774347564,-0.002281110214681184,-0.0009253148058401264
18.611397830351837,0.5,19.160269599633608,-0.03,-0.0027494261489273766,0.002497639946156982,-3.02536869283715e-05,3.750751359339384e-05
18.611397830351837,0.5,19.160269599633608,0.0,-0.0026498316079976297,0.0026137888046480345,-3.113071502963947e-05,3.9282383362946735e-05
18.611397830351837,0.5,19.160269599633608,0.03,-0.00259324814502665,0.002636504858818889,-3.129908715872747e-05,3.968680704163294e-05
18.611397830351837,2.0,20.61545139482265,-0.03,-0.035075266924982036,-0.02671956878216051,-0.0006567210449060131,0.00047013017066709106
18.611397830351837,2.0,20.61545139482265,0.0,-0.033874692147517795,-0.026028269607398766,-0.0006578521431448121,0.0004142857524136788
18.611397830351837,2.0,20.61545139482265,0.03,-0.032908705203320635,-0.02557410546323022,-0.0006580750145553241,0.00037144599551931757
18.611397830351837,5.0,23.62486414065117,-0.03,-0.050820909892178835,-0.045201260664307866,-0.0019497761766145163,-0.0005983368395958341
18.611397830351837,5.0,23.62486414065117,0.0,-0.05098192522694532,-0.04534454619422425,-0.0019494010972046715,-0.0005925704632594235
18.611397830351837,5.0,23.62486414065117,0.03,-0.05114344855969312,-0.04548828378518223,-0.0019489835784199242,-0.0005867337966785376
18.7051151472066,0.5,19.2520387446938,-0.03,-0.0032242802291258116,0.002169581772028136,-8.186495030409084e-05,4.840166982654081e-05
18.7051151472066,0.5,19.2520387446938,0.0,-0.0030236406313556806,0.002284697108349946,-7.806128955868318e-05,5.181597654580214e-05
18.7051151472066,0.5,19.2520387446938,0.03,-0.0028546537319107806,0.002374938569159102,-7.479522841765333e-05,5.451105887352594e-05
18.7051151472066,2.0,20.794273058493005,-0.03,-0.04332028343028348,-0.03299479638307221,-0.0017099735263300941,-0.00020698720109697962
18.7051151472066,2.0,20.794273058493005,0.0,-0.04169106852263553,-0.03176096314475643,-0.0017099735263300941,-0.00026634699274906794
18.7051151472066,2.0,20.794273058493005,0.03,-0.04029433124664407,-0.030584082794211983,-0.0017099735263300941,-0.0003130100949325494
18.7051151472066,5.0,23.716838356426575,-0.03,-0.050447365644207584,-0.044422734906346795,-0.0024556638087247975,-0.0009441143797791758
18.7051151472066,5.0,23.716838356426575,0.0,-0.05054303728468339,-0.04467216728577478,-0.0024556638087247975,-0.0009411871822799838
18.7051151472066,5.0,23.716838356426575,0.03,-0.050675005242358954,-0.04492238702699852,-0.0024556638087247975,-0.000937119410908992
18.796781756909184,0.5,19.344730707972467,-0.03,-0.004771417434706167,0.001543153740045865,-8.077137068160756e-05,6.402032651719805e-05
18.796781756909184,0.5,19.344730707972467,0.0,-0.003924833777047803,0.001865903077390751,-7.139372545561618e-05,4.922510470628542e-05
18.796781756909184,0.5,19.344730707972467,0.03,-0.003438652863523714,0.0020446024241991875,-6.53603129281448e-05,4.1376384650421505e-05
18.796781756909184,2.0,20.88399149640101,-0.03,-0.04836481949853125,-0.037465588835281866,-0.002183962234046844,-0.0003261968744195426
18.796781756909184,2.0,20.88399149640101,0.0,-0.046758085155316986,-0.035976685927167344,-0.002183962234046844,-0.00039002201770874036
18.796781756909184,2.0,20.88399149640101,0.03,-0.04505607819879713,-0.034461667995344475,-0.002183956245851758,-0.00045200022381724516
18.796781756909184,5.0,23.80696693576502,-0.03,-0.04978482361366565,-0.04405838540413426,-0.002871704517286502,-0.001262313248820365
18.796781756909184,5.0,23.80696693576502,0.0,-0.050051173045164585,-0.04413388950511424,-0.002871889842864939,-0.0012559488811419515
18.796781756909184,5.0,23.80696693576502,0.03,-0.050282948725306406,-0.04424504589388168,-0.002871935949525637,-0.0012502951932174128
18.88701287160523,0.5,19.43578210552939,-0.03,-0.007345339980576598,9.065581752659008e-06,-0.00012146743513638067,0.00019264147709646787
18.88701287160523,0.5,19.43578210552939,0.0,-0.00651006372806658,0.0007602291371701202,-0.00011427774642120566,0.00016491355098371453
18.88701287160523,0.5,19.43578210552939,0.03,-0.005644824247525207,0.0012130037520172421,-0.00010535879413603199,0.00013766231547212912
18.88701287160523,2.0,20.9712490857264,-0.03,-0.05202155122549637,-0.04179303711119553,-0.003434905173311762,-0.0006398436617168714
18.88701287160523,2.0,20.9712490857264,0.0,-0.05069972653424007,-0.04040845067902112,-0.0034193524722537696,-0.0006896069145460581
18.88701287160523,2.0,20.9712490857264,0.03,-0.04947817644495755,-0.03889031762248678,-0.003401872750949085,-0.0007324882303972348
18.88701287160523,5.0,23.897915797964338,-0.03,-0.04900951859061825,-0.042463336778109435,-0.00291728839293305,-0.0012957301620099143
18.88701287160523,5.0,23.897915797964338,0.0,-0.049273754371071274,-0.04303370767974403,-0.002918120206399367,-0.0012902153129396678
18.88701287160523,5.0,23.897915797964338,0.03,-0.049538823373818666,-0.04356798076632576,-0.0029188143405560053,-0.0012845427714460321
18.97847441059259,0.5,19.525603078795008,-0.03,-0.009320464297169068,-0.0021769501100135785,-0.00019427009663624043,0.00023181473405856876
18.97847441059259,0.5,19.525603078795008,0.0,-0.008914884106502815,-0.00142640790578024,-0.0001900080120422631,0.00021800906571972731
18.97847441059259,0.5,19.525603078795008,0.03,-0.008173113418375372,-0.0007353592828477397,-0.0001813619609208398,0.00019361077731392241
18.97847441059259,2.0,21.058404139694176,-0.03,-0.0566268524719761,-0.0458795038763197,-0.00414057114679686,-0.0007871465993926074
18.97847441059259,2.0,21.058404139694176,0.0,-0.055091218772438,-0.04452192470067272,-0.004118403111034615,-0.0008494056063097877
18.97847441059259,2.0,21.058404139694176,0.03,-0.05349930177217881,-0.04310862398035617,-0.004090443782061229,-0.0009089676989901535
18.97847441059259,5.0,23.98999254909735,-0.03,-0.046860180237119034,-0.0374079174366715,-0.002770307957525683,-0.001250295007093609
18.97847441059259,5.0,23.98999254909735,0.0,-0.047623188611774434,-0.03913189796259313,-0.002773558456838748,-0.0012356238206433882
18.97847441059259,5.0,23.98999254909735,0.03,-0.04835079443689907,-0.04082350777389355,-0.002775573557835394,-0.001220548777690685
19.069833414222344,0.5,19.61706461778237,-0.03,-0.01060662469096224,-0.004279501609429012,-6.559260418417668e-05,0.00013647541991139566
19.069833414222344,0.5,19.61706461778237,0.0,-0.010209310140563976,-0.00364679611239652,-6.559260418417668e-05,0.0001272908335103578
19.069833414222344,0.5,19.61706461778237,0.03,-0.009744777107478855,-0.002961865350305931,-6.559260418417668e-05,0.00011695273679769137
19.069833414222344,2.0,21.1483276483174,-0.03,-0.060789074669433084,-0.050570137617845186,-0.003515147344420033,-0.0014087308725390377
19.069833414222344,2.0,21.1483276483174,0.0,-0.05939143242908431,-0.04892829292552579,-0.003515147344420033,-0.001458173672866259
19.069833414222344,2.0,21.1483276483174,0.03,-0.05804152207719723,-0.047333409671121845,-0.0035143605290536093,-0.0015022189667630004
19.069833414222344,5.0,24.081351552727103,-0.03,-0.04239498883086143,-0.03255046784782563,-0.0022598170033840837,-0.0012038844937304165
19.069833414222344,5.0,24.081351552727103,0.0,-0.0438565609843142,-0.03409157327994235,-0.002271169533265736,-0.0011844214956308378
19.069833414222344,5.0,24.081351552727103,0.03,-0.045361065109580406,-0.035675861608699413,-0.0022783930564318124,-0.0011599243207386666
19.160269599633608,0.5,19.70842362141212,-0.03,-0.011444657339574754,-0.005754783927782466,-5.1870007006969606e-05,0.00022291658479947786
19.160269599633608,0.5,19.70842362141212,0.0,-0.011367079044390134,-0.005443182594950012,-5.1870007006969606e-05,0.00022050480221037398
19.160269599633608,0.5,19.70842362141212,0.03,-0.01102055397208975,-0.00493869373416036,-5.1870007006969606e-05,0.00020987886569337689
19.160269599633608,2.0,21.23722580336453,-0.03,-0.06261122822314404,-0.054956836635920436,-0.004514923953729432,-0.001304314602862457
19.160269599633608,2.0,21.23722580336453,0.0,-0.062149406115372126,-0.05351071456083541,-0.004510331308579169,-0.0013226940468880157
19.160269599633608,2.0,21.23722580336453,0.03,-0.061630998739058925,-0.05200490178382226,-0.0045046677862674855,-0.0013428172945850825
19.160269599633608,5.0,24.17250548564164,-0.03,-0.037364548089061866,-0.028350535304827958,-0.0020392582318155485,-0.0005171438471534538
19.160269599633608,5.0,24.17250548564164,0.0,-0.03902747861571448,-0.029779415249947958,-0.002065051371949672,-0.00048076099779040813
19.160269599633608,5.0,24.17250548564164,0.03,-0.040723124522437655,-0.031114106590259052,-0.0020856569926450256,-0.000437967420264559
19.2520387446938,0.5,19.79855220075056,-0.03,-0.012079121665019635,-0.006521533329633802,-0.00011641231538869543,0.0002333621971963796
19.2520387446938,0.5,19.79855220075056,0.0,-0.011680256905532795,-0.006320884468533323,-0.00011641231538869543,0.00022092136199694165
19.2520387446938,0.5,19.79855220075056,0.03,-0.011516821810872775,-0.006061233706336301,-0.00011641231538869543,0.00021591562121113712
19.2520387446938,2.0,21.325201140193187,-0.03,-0.0629554561875344,-0.05670428750890884,-0.005482192987704648,-0.003396558155262191
19.2520387446938,2.0,21.325201140193187,0.0,-0.06291841019710667,-0.05621666111993878,-0.005481313943308138,-0.0033968177895076306
19.2520387446938,2.0,21.325201140193187,0.03,-0.06288124732782155,-0.055727496286064854,-0.005480429367741885,-0.0033952391717477193
19.2520387446938,5.0,24.26724815607249,-0.03,-0.033199711261961196,-0.026506735808262245,-0.0018089896875320116,-0.0004705674332601856
19.2520387446938,5.0,24.26724815607249,0.0,-0.034386136697251005,-0.027082990414065714,-0.0018316523701920758,-0.0004503725638765175
19.2520387446938,5.0,24.26724815607249,0.03,-0.035766619908823356,-0.02767215030767274,-0.0018544783021581892,-0.00042333094468800764
19.344730707972467,0.5,19.88909092151944,-0.03,-0.013748347934717783,-0.006210403817315031,-0.00020648842573699007,0.000172834141891693
19.344730707972467,0.5,19.88909092151944,0.0,-0.01292131926702499,-0.006614346870429319,-0.00020505618168855774,0.00015175891266333197
19.344730707972467,0.5,19.88909092151944,0.03,-0.012476639373787356,-0.006717915984002936,-0.00020372058407969087,0.00014099260715232887
19.344730707972467,2.0,21.41563732560445,-0.03,-0.06271841303762057,-0.05621498554524969,-0.005827719303677807,-0.0026117160888907438
19.344730707972467,2.0,21.41563732560445,0.0,-0.06287370976536476,-0.056761632150282,-0.005832147881470628,-0.0026085309844553644
19.344730707972467,2.0,21.41563732560445,0.03,-0.06297861804806892,-0.05695204518349452,-0.005835112240477779,-0.002606352039162303
19.344730707972467,5.0,24.361478149715296,-0.03,-0.03168347084580613,-0.025388333245648785,-0.001293617405456487,-0.0005294079454974378
19.344730707972467,5.0,24.361478149715296,0.0,-0.03212102366588378,-0.02601242096680448,-0.001296156807403605,-0.0005232765662419071
19.344730707972467,5.0,24.361478149715296,0.03,-0.03263922233209912,-0.026341311274419667,-0.0012986689801979796,-0.0005155198365219281
19.43578210552939,0.5,19.979937248361143,-0.03,-0.016021926496853432,-0.005526738816805097,-0.0003790779723321498,0.0002638993705516978
19.43578210552939,0.5,19.979937248361143,0.0,-0.01528847977327566,-0.005394953002957923,-0.0003736099035563079,0.0002405994470200412
19.43578210552939,0.5,19.979937248361143,0.03,-0.014594617720767308,-0.005790845911720726,-0.0003674465951661995,0.00021954739327497647
19.43578210552939,2.0,21.50894450102878,-0.03,-0.06142093569921887,-0.054013553671348136,-0.005754008258748518,-0.002477688342807806
19.43578210552939,2.0,21.50894450102878,0.0,-0.0621109520770871,-0.054766522653375185,-0.005773519956954255,-0.0024634661917476907
19.43578210552939,2.0,21.50894450102878,0.03,-0.06253289337177693,-0.05552347398254126,-0.0057849820743454084,-0.0024543002421963177
19.43578210552939,5.0,24.453247294775487,-0.03,-0.03061474663602299,-0.023585709881290405,-0.0014156951622663633,-0.00033960779009480915
19.43578210552939,5.0,24.453247294775487,0.0,-0.031101973182314144,-0.024192942869845212,-0.001419857835042554,-0.0003308404157055104
19.43578210552939,5.0,24.453247294775487,0.03,-0.031445971097051315,-0.024778073053909656,-0.001422510879008803,-0.0003243644224790209
19.525603078795008,0.5,20.070373433772417,-0.03,-0.018146748989389873,-0.006894514773186748,-0.0004548326649698548,0.00021949150314854772
19.525603078795008,0.5,20.070373433772417,0.0,-0.01749720238017689,-0.005874141410177904,-0.0004503778510743582,0.0002003471281009969
19.525603078795008,0.5,20.070373433772417,0.03,-0.01677817451841998,-0.005676586933706774,-0.0004444624676926555,0.00018013894448344085
19.525603078795008,2.0,21.599995898585703,-0.03,-0.05900933318742236,-0.051807627481601976,-0.005615494785959773,-0.002166615215932163
19.525603078795008,2.0,21.599995898585703,0.0,-0.059887358691599564,-0.052403613186976866,-0.00564406775983794,-0.0021481565274427327
19.525603078795008,2.0,21.599995898585703,0.03,-0.06070561871909833,-0.053186432453002905,-0.005669307824691369,-0.00212956628308631
19.525603078795008,5.0,24.54552911662372,-0.03,-0.029241525883493803,-0.02206554815381545,-0.0012817634282530142,-0.00018903102561790524
19.525603078795008,5.0,24.54552911662372,0.0,-0.029739488871619604,-0.022478306520871134,-0.001286143262384971,-0.00017914292297000975
19.525603078795008,5.0,24.54552911662372,0.03,-0.030187217582012846,-0.023002883840944385,-0.0012896578475349446,-0.000169828914255088
19.61706461778237,0.5,20.161834972759777,-0.03,-0.019759482283912402,-0.010086092584778428,-0.00021978790627548127,0.0002714971527836585
19.61706461778237,0.5,20.161834972759777,0.0,-0.01945723884916623,-0.009089182581050423,-0.00021978790627548127,0.00026149421970070373
19.61706461778237,0.5,20.161834972759777,0.03,-0.01879243006079996,-0.008006640564763093,-0.00021978790627548127,0.00024013486720265867
19.61706461778237,2.0,21.69155997293067,-0.03,-0.056588433491359114,-0.05008369069711375,-0.0046659625394477235,-0.002208185771100406
19.61706461778237,2.0,21.69155997293067,0.0,-0.05728709032314365,-0.05058856243908961,-0.004684144488290539,-0.00219688457552736
19.61706461778237,2.0,21.69155997293067,0.03,-0.05811601470277458,-0.05115891600366487,-0.004704450289779652,-0.0021822099745031766
19.61706461778237,5.0,24.637913473829563,-0.03,-0.02757101740038295,-0.02090534562797669,-0.0006883669091479413,-0.00017078560540129492
19.61706461778237,5.0,24.637913473829563,0.0,-0.02804634158807091,-0.021289243186071557,-0.0006883669091479413,-0.00016192058327552577
19.61706461778237,5.0,24.637913473829563,0.03,-0.028610977721328777,-0.021658303070591845,-0.0006883669091479413,-0.00015080265172104558
19.70842362141212,0.5,20.25319397638953,-0.03,-0.020255353798247295,-0.012920580548345422,-0.00023328489963920644,0.0003043927783158445
19.70842362141212,0.5,20.25319397638953,0.0,-0.020174528856477837,-0.012281424632112951,-0.00023328489963920644,0.00030155538281936443
19.70842362141212,0.5,20.25319397638953,0.03,-0.01994840903520759,-0.011186239703213925,-0.00023328489963920644,0.0002936867523092097
19.70842362141212,2.0,21.78517475442782,-0.03,-0.05469691944070715,-0.04873066779223757,-0.0041750898672630096,-0.0026924325163102934
19.70842362141212,2.0,21.78517475442782,0.0,-0.05521729346086902,-0.04905847998325871,-0.004186403031546028,-0.002695459735299681
19.70842362141212,2.0,21.78517475442782,0.03,-0.05587224560626986,-0.04952066167309749,-0.004199872202157975,-0.0026993626840129455
19.70842362141212,5.0,24.72947754817453,-0.03,-0.025932824004877234,-0.0195175415221822,-0.0006876456590181902,-0.00016199056802969125
19.70842362141212,5.0,24.72947754817453,0.0,-0.026422227202012382,-0.020058420861798935,-0.0006882374090165871,-0.00015394313092764421
19.70842362141212,5.0,24.72947754817453,0.03,-0.02696761408163161,-0.020456486856880368,-0.0006883669091479568,-0.00014441077257504946
19.79855220075056,0.5,20.3413743839334,-0.03,-0.020193703750670755,-0.013995285520936953,-0.0004263313536836968,0.00040278783931177876
19.79855220075056,0.5,20.3413743839334,0.0,-0.020165479037100142,-0.01404397145200874,-0.0004263003576473081,0.00040165546409181847
19.79855220075056,0.5,20.3413743839334,0.03,-0.02018976275082399,-0.013483881952200093,-0.0004263271214278173,0.00040262963073609643
19.79855220075056,2.0,21.8768413641304,-0.03,-0.05326137599486192,-0.04741629457433448,-0.003998451135862876,-0.002467446055041359
19.79855220075056,2.0,21.8768413641304,0.0,-0.05368992373828042,-0.04799985304168186,-0.004007885523195861,-0.0024722206339217573
19.79855220075056,2.0,21.8768413641304,0.03,-0.05419225165089811,-0.04836946508268052,-0.00401847656042067,-0.0024748924352237527
19.79855220075056,5.0,24.820528945731454,-0.03,-0.023926001187260994,-0.016389591386866395,-0.0007011668318674194,-0.00014844561335568935
19.79855220075056,5.0,24.820528945731454,0.0,-0.024603387804005644,-0.01755454047470622,-0.0007051872192225657,-0.00013957262569018523
19.79855220075056,5.0,24.820528945731454,0.03,-0.02525389963542382,-0.018535925025669857,-0.0007081842871958133,-0.0001301878532335881
19.88909092151944,0.5,20.434373953284897,-0.03,-0.020161244390859888,-0.012983957156397908,-0.00042620429745583027,0.00029325257880231996
19.88909092151944,0.5,20.434373953284897,0.0,-0.020111207684726195,-0.013721350077544919,-0.00042613746117341054,0.00029152645168493757
19.88909092151944,0.5,20.434373953284897,0.03,-0.020168580667222026,-0.013903214981198272,-0.00042621367594659405,0.0002935060808251736
19.88909092151944,2.0,21.967482620256888,-0.03,-0.052180182560100936,-0.045160805998013226,-0.004059087475814629,-0.00243900505601141
19.88909092151944,2.0,21.967482620256888,0.0,-0.05258206289119532,-0.046167015893678304,-0.004069748020271296,-0.002451883984421898
19.88909092151944,2.0,21.967482620256888,0.03,-0.05291030692184317,-0.04679850827651714,-0.004078215580374425,-0.0024589325400505213
19.88909092151944,5.0,24.912093020076423,-0.03,-0.021098895757343063,-0.012597194237916555,-0.0005956460912997961,-0.0001333156624629395
19.88909092151944,5.0,24.912093020076423,0.0,-0.022036411877189112,-0.014038602575842347,-0.0006039413821926853,-0.00012589443641424682
19.88909092151944,5.0,24.912093020076423,0.03,-0.022962696330516823,-0.015207097393496715,-0.0006104108840289421,-0.0001155647770350644
19.979937248361143,0.5,20.523374643689635,-0.03,-0.020188893687477887,-0.010454514746675535,-0.00044415842364553223,0.00023846068250091295
19.979937248361143,0.5,20.523374643689635,0.0,-0.020239369534428668,-0.011462633940250962,-0.00044426573483403173,0.0002400641578115989
19.979937248361143,0.5,20.523374643689635,0.03,-0.020203870178187915,-0.012216680864422307,-0.0004441907951834475,0.00023893591171978882
19.979937248361143,2.0,22.060584724966,-0.03,-0.05025745406317911,-0.042019265060242846,-0.0037782530679430232,-0.0014551655841302893
19.979937248361143,2.0,22.060584724966,0.0,-0.05118808088437746,-0.043244194007932654,-0.0038020192290768046,-0.001438290910955277
19.979937248361143,2.0,22.060584724966,0.03,-0.05172426511916571,-0.04415870783786928,-0.003814925713575914,-0.001427782021914048
19.979937248361143,5.0,25.003964700494222,-0.03,-0.01770805526366087,-0.008350040921306727,-0.0005036718060362885,2.556982542938478e-05
19.979937248361143,5.0,25.003964700494222,0.0,-0.019079307632411176,-0.009869608982435978,-0.0005213293215094718,4.725491231862984e-05
19.979937248361143,5.0,25.003964700494222,0.03,-0.02007206551378178,-0.01120906749181242,-0.0005317661016164111,6.530134905712498e-05
20.070373433772417,0.5,20.61545139482265,-0.03,-0.020203528325568845,-0.00800934805424202,-0.0002471840563226233,0.0003545354480784112
20.070373433772417,0.5,20.61545139482265,0.0,-0.020449319653417095,-0.008663226978031456,-0.0002471840563226233,0.00036385481295776544
20.070373433772417,0.5,20.61545139482265,0.03,-0.02034752178761681,-0.009564567449595681,-0.0002471840563226233,0.0003599804113310755
20.070373433772417,2.0,22.153789365032715,-0.03,-0.04727234411920945,-0.03832547482335428,-0.002508131739822864,-0.0011877870588193824
20.070373433772417,2.0,22.153789365032715,0.0,-0.04858419373655107,-0.039533306045453104,-0.0025192631764316153,-0.001163547835889135
20.070373433772417,2.0,22.153789365032715,0.03,-0.049400957266433246,-0.040750123219931586,-0.0025244550858328206,-0.0011467178120157958
20.070373433772417,5.0,25.09716934056094,-0.03,-0.012797100741945748,-0.004289528822233365,-0.0002127143997274448,5.0430947751803805e-05
20.070373433772417,5.0,25.09716934056094,0.0,-0.01438593012756587,-0.00560770701880098,-0.0002338226854042914,6.377523415430931e-05
20.070373433772417,5.0,25.09716934056094,0.03,-0.01598471185115546,-0.006945510136313654,-0.0002499668978128858,9.187707147439667e-05
20.161834972759777,0.5,20.704759691300215,-0.03,-0.019751118121499146,-0.007181979785168112,-0.00045919029146051826,0.00020179390254928842
20.161834972759777,0.5,20.704759691300215,0.0,-0.01974059320963268,-0.006986373515381608,-0.00045914181341406217,0.00020148303214725455
20.161834972759777,0.5,20.704759691300215,0.03,-0.019919993684466515,-0.007452254415274544,-0.00045993784079945187,0.000206812213514947
20.161834972759777,2.0,22.244943297947245,-0.03,-0.04308264487849888,-0.03482134028317788,-0.0025252286705658125,-0.0011714934840171747
20.161834972759777,2.0,22.244943297947245,0.0,-0.04442665235423683,-0.03566093176066411,-0.002550027161372067,-0.001155705946626992
20.161834972759777,2.0,22.244943297947245,0.03,-0.04584738210822002,-0.03696865850051087,-0.0025723133224133782,-0.0011350892377843258
20.161834972759777,5.0,25.189963839197222,-0.03,-0.00890003584146346,-0.0008357848044153824,-0.00011087934576614807,0.00010496177957582074
20.161834972759777,5.0,25.189963839197222,0.0,-0.01011433442393979,-0.00179040182963589,-0.00012886704176943425,8.213720962772282e-05
20.161834972759777,5.0,25.189963839197222,0.03,-0.011413679062891624,-0.003000838508909421,-0.0001448484565511913,5.721034928845088e-05
20.25319397638953,0.5,20.794273058493005,-0.03,-0.020414837816587015,-0.00886515431270348,-0.0005687747457772362,1.2095082928482303e-05
20.25319397638953,0.5,20.794273058493005,0.0,-0.019696135645916865,-0.008016817227895191,-0.0005620085087687854,-1.8473105939428153e-06
20.25319397638953,0.5,20.794273058493005,0.03,-0.01968020437411919,-0.00757174098835021,-0.0005618468198235325,-2.1446641213700244e-06
20.25319397638953,2.0,22.336609907649823,-0.03,-0.03949747789555007,-0.03239173867263673,-0.0024052326367068914,-0.0011422734164902033
20.25319397638953,2.0,22.336609907649823,0.0,-0.040384284866769454,-0.03299566694980039,-0.0024277221860224607,-0.0011479992050068524
20.25319397638953,2.0,22.336609907649823,0.03,-0.04171303304116121,-0.03389499733561973,-0.0024584755114528756,-0.0011493906166529981
20.25319397638953,5.0,25.28337354997916,-0.03,-0.005411420961275691,0.001862193223888402,-3.6663686830781984e-05,0.00011767938698104046
20.25319397638953,5.0,25.28337354997916,0.0,-0.006356989877935908,0.0011143202085752463,-3.6663686830781984e-05,9.860975396250636e-05
20.25319397638953,5.0,25.28337354997916,0.03,-0.0075864111720205865,0.00017711221341889377,-4.1227926225726274e-05,7.690953588908433e-05
20.3413743839334,0.5,20.88399149640101,-0.03,-0.02345394853749845,-0.012322348859266112,-0.0008121884209498265,0.00019433744809467074
20.3413743839334,0.5,20.88399149640101,0.0,-0.022287622107737232,-0.01117467685139846,-0.0007962651219180207,0.0001595698320929684
20.3413743839334,0.5,20.88399149640101,0.03,-0.02136911227218252,-0.010026676064402329,-0.0007818102021557685,0.0001341044492336999
20.3413743839334,2.0,22.42930187092849,-0.03,-0.037078201018893024,-0.03106140986270028,-0.0021146273015463894,-0.0008965846722419903
20.3413743839334,2.0,22.42930187092849,0.0,-0.037745575270489315,-0.03144333517556617,-0.002130743734674643,-0.0008974046863539933
20.3413743839334,2.0,22.42930187092849,0.03,-0.0386646498121577,-0.03188840010447671,-0.002151480418059223,-0.0008905294942432423
20.3413743839334,5.0,25.37555283646978,-0.03,-0.0027565056982450605,0.0037585557379199636,-0.00016336352415271052,0.00014383347591768455
20.3413743839334,5.0,25.37555283646978,0.0,-0.0034948367867987146,0.003241922962562676,-0.0001631021336840689,0.0001304199150686472
20.3413743839334,5.0,25.37555283646978,0.03,-0.004450435921671258,0.002561164415653018,-0.00016194260735408842,0.00011356021999575069
20.434373953284897,0.5,20.9712490857264,-0.03,-0.02615907250735045,-0.015644385385506353,-0.0012474423183457416,3.7771114938359206e-05
20.434373953284897,0.5,20.9712490857264,0.0,-0.02508582440677846,-0.014638063819169777,-0.0012209068053350455,1.0591433620605684e-05
20.434373953284897,0.5,20.9712490857264,0.03,-0.024191389741133426,-0.013396044684740819,-0.001197032399811006,-1.0299888233413108e-05
20.434373953284897,2.0,22.520865945273464,-0.03,-0.03570987617622809,-0.029511549970397736,-0.0017598079409020361,-0.0008139130476179578
20.434373953284897,2.0,22.520865945273464,0.0,-0.03610365813371324,-0.030105360448614303,-0.0017675962389869324,-0.0008181575226522184
20.434373953284897,2.0,22.520865945273464,0.03,-0.03656476074311434,-0.030569425589583196,-0.0017763218288462793,-0.0008187689093564242
20.434373953284897,5.0,25.46814226439084,-0.03,-0.0008448398788745157,0.005187483584335816,-0.00031835902423163053,0.00012937936551296256
20.434373953284897,5.0,25.46814226439084,0.0,-0.0012997772183867768,0.004586966611043811,-0.0003139228744612646,0.00011605466237409056
20.434373953284897,5.0,25.46814226439084,0.03,-0.0019951571095621536,0.00419181738938053,-0.0003106103843121548,0.00010768024355093934
20.523374643689635,0.5,21.058404139694176,-0.03,-0.030088318823479288,-0.018256495528698024,-0.001479256549464321,5.22090721235046e-05
20.523374643689635,0.5,21.058404139694176,0.0,-0.028820471079994716,-0.017567452523568276,-0.001450374821822849,1.5046764520013057e-05
20.523374643689635,0.5,21.058404139694176,0.03,-0.027415727725451162,-0.016543131969624845,-0.0014146202907281693,-2.237383136279356e-05
20.523374643689635,2.0,22.612737625691267,-0.03,-0.034219241366057807,-0.027605593473925643,-0.0015184400690000234,-0.0006700276783267887
20.523374643689635,2.0,22.612737625691267,0.0,-0.03480889876761842,-0.028409092614555903,-0.0015287770534591306,-0.000665736048005535
20.523374643689635,2.0,22.612737625691267,0.03,-0.03528753273826581,-0.028932182863583976,-0.0015366564219910033,-0.000661741145208218
20.523374643689635,5.0,25.56134690445756,-0.03,0.0005450439014545272,0.007404164122718381,-0.0004226586153212538,9.411599404035699e-05
20.523374643689635,5.0,25.56134690445756,0.0,-7.65622652446193e-06,0.006461981926442021,-0.0004151925545375291,7.536532473633391e-05
20.523374643689635,5.0,25.56134690445756,0.03,-0.0004169109659856443,0.00583708914830464,-0.00040926151167204887,6.390838748187859e-05
20.61545139482265,0.5,21.1483276483174,-0.03,-0.03283681861648401,-0.020063011542569655,-0.0015881589792086357,-0.000252884931604291
20.61545139482265,0.5,21.1483276483174,0.0,-0.03211747152068824,-0.01953183779139696,-0.0015748354830648677,-0.00026922371376994166
20.61545139482265,0.5,21.1483276483174,0.03,-0.031136534227476528,-0.018806611046316764,-0.0015549990321087213,-0.00028983621320977185
20.61545139482265,2.0,22.70655747790364,-0.03,-0.03203976472426564,-0.024213579052115294,-0.0012419553454232647,-0.0002916079430420433
20.61545139482265,2.0,22.70655747790364,0.0,-0.03290085878085314,-0.025423942844808374,-0.0012536256891739833,-0.00027681623744224776
20.61545139482265,2.0,22.70655747790364,0.03,-0.03354448825631291,-0.02647478370005797,-0.0012613802672014314,-0.0002647916115456106
20.61545139482265,5.0,25.65229576665687,-0.03,0.002712141463559414,0.010726825671002655,-0.000453687020790587,0.00014294290293890357
20.61545139482265,5.0,25.65229576665687,0.0,0.001855803964901571,0.009542864381057599,-0.00045169699931318593,0.000113921372533218
20.61545139482265,5.0,25.65229576665687,0.03,0.0012174896987656313,0.008503519120225992,-0.0004476392676930492,9.075548649418671e-05
20.704759691300215,0.5,21.23722580336453,-0.03,-0.03219342947671536,-0.020919093945368575,-0.0019343083348033773,-8.223751018127887e-05
20.704759691300215,0.5,21.23722580336453,0.0,-0.03261387010707329,-0.020641449422780723,-0.0019472434340875797,-7.035557556095634e-05
20.704759691300215,0.5,21.23722580336453,0.03,-0.03287868099281515,-0.02031216454372906,-0.001955209032161372,-6.269037999773007e-05
20.704759691300215,2.0,22.70655747790364,-0.03,-0.02960586671220148,-0.02084653507023801,-0.0009806290013000438,-7.767891309344354e-05
20.704759691300215,2.0,22.70655747790364,0.0,-0.030721520282322463,-0.02218963654005241,-0.0009933102379566265,-5.3498784505047426e-05
20.704759691300215,2.0,22.70655747790364,0.03,-0.03170617717197433,-0.023493468728494664,-0.0010024343968520083,-3.008972859029239e-05
20.704759691300215,5.0,25.74273195206814,-0.03,0.005737698942035532,0.014332397495395808,-0.0005756115795411512,0.0001218178694943822
20.704759691300215,5.0,25.74273195206814,0.0,0.004686014446291249,0.013145107081050265,-0.0005756115795411512,8.979671370093858e-05
20.704759691300215,5.0,25.74273195206814,0.03,0.0036972517382143797,0.01193141516898348,-0.0005756115795411512,5.997756382731487e-05
20.794273058493005,0.5,21.325201140193187,-0.03,-0.029382757051067777,-0.01894824545116508,-0.0019032957084075285,-0.0007364370750210753
20.794273058493005,0.5,21.325201140193187,0.0,-0.03047872085616593,-0.019781429793110483,-0.0019460159462402352,-0.0007573114684874591
20.794273058493005,0.5,21.325201140193187,0.03,-0.0314599606989592,-0.020499414677044102,-0.0019822260541882287,-0.0007741859673019505
20.794273058493005,2.0,22.798429158321436,-0.03,-0.02584496344947124,-0.01660871797215241,-0.0006167641276313106,-8.754043264819547e-06
20.794273058493005,2.0,22.798429158321436,0.0,-0.027171745246057085,-0.018078552079027123,-0.0006264189192106703,1.8222630935553724e-05
20.794273058493005,2.0,22.798429158321436,0.03,-0.02840146891264432,-0.01945208227351102,-0.0006322236381042185,4.6369674514956736e-05
20.794273058493005,5.0,25.834603632485937,-0.03,0.009108852462951657,0.017723373538543793,-0.0007855518673956648,-4.577403100544433e-05
20.794273058493005,5.0,25.834603632485937,0.0,0.008083406212893187,0.01664615462794943,-0.0007855518673956648,-7.349970531791907e-05
20.794273058493005,5.0,25.834603632485937,0.03,0.006919381052342475,0.015492830202727605,-0.0007855518673956648,-0.00010061165837366883
20.88399149640101,0.5,21.41563732560445,-0.03,-0.02538291496996628,-0.014977461947689976,-0.0016130306230708988,-0.000189703422428292
20.88399149640101,0.5,21.41563732560445,0.0,-0.026751473851366038,-0.0162975990201668,-0.0016712200985705059,-0.00016710979882343798
20.88399149640101,0.5,21.41563732560445,0.03,-0.028123165646926927,-0.01772864665537966,-0.0017257840024359494,-0.0001407056743726754
20.88399149640101,2.0,22.889378020520752,-0.03,-0.021769769750638508,-0.012153333127351134,-0.0004684310446819231,-1.2269347202536226e-06
20.88399149640101,2.0,22.889378020520752,0.0,-0.023127682724109293,-0.013560165488148548,-0.000483427540428689,2.0109200600517974e-05
20.88399149640101,2.0,22.889378020520752,0.03,-0.024488864888714757,-0.01506287840637569,-0.0004947589566059974,4.519788671880515e-05
20.88399149640101,5.0,25.927090525049397,-0.03,0.012444589889956269,0.02128070912156388,-0.0012078417446998804,-0.00025492715210340356
20.88399149640101,5.0,25.927090525049397,0.0,0.011356513528302133,0.019936551292272786,-0.0012078417446998804,-0.0002872519240941703
20.88399149640101,5.0,25.927090525049397,0.03,0.010237946131433499,0.01882899829630707,-0.0012078388803972323,-0.000311171341617843
20.9712490857264,0.5,21.50894450102878,-0.03,-0.021206158924745304,-0.011464745918669722,-0.0009954571037826146,0.00020639361819804497
20.9712490857264,0.5,21.50894450102878,0.0,-0.02267139979018966,-0.012724233957313537,-0.0010406926764647737,0.0002519493095383188
20.9712490857264,0.5,21.50894450102878,0.03,-0.024141547718620066,-0.013962084374348312,-0.0010817642864402082,0.00030197302175189513
20.9712490857264,2.0,22.98176237772659,-0.03,-0.017851696951268058,-0.008753700599918389,-0.00021805273187761574,0.0001981681557498898
20.9712490857264,2.0,22.98176237772659,0.0,-0.019199071270939252,-0.009922429033649975,-0.0002274265487849478,0.00024359471402407297
20.9712490857264,2.0,22.98176237772659,0.03,-0.02055094005693664,-0.011072903122413578,-0.0002331826116403434,0.0002928218251740386
20.9712490857264,5.0,26.01896220546719,-0.03,0.015774977384030376,0.02508651631198134,-0.002277585468446877,-0.0006182300555613713
20.9712490857264,5.0,26.01896220546719,0.0,0.014596019350950794,0.023584681159224255,-0.002269903722722659,-0.000651778101785863
20.9712490857264,5.0,26.01896220546719,0.03,0.013484887454779899,0.022409012344147404,-0.002260742429258439,-0.0006748923750223016
21.058404139694176,0.5,21.599995898585703,-0.03,-0.01675064180720575,-0.006473665493463735,-0.0007721835626142153,0.0002461254676869265
21.058404139694176,0.5,21.599995898585703,0.0,-0.018305452786148847,-0.008196297654336403,-0.0008288277183687838,0.00029781396928614225
21.058404139694176,0.5,21.599995898585703,0.03,-0.01986516914158746,-0.009924364661905438,-0.0008807928053122113,0.0003545233255973434
21.058404139694176,2.0,23.074146734932437,-0.03,-0.013988515139872305,-0.004433194073695072,-0.00014656922677741806,0.00010456275413594501
21.058404139694176,2.0,23.074146734932437,0.0,-0.015319465307489536,-0.005905526853151655,-0.00011979511847628964,0.00015387835623885757
21.058404139694176,2.0,23.074146734932437,0.03,-0.016654614578250078,-0.0073825047931504115,-9.043409399571354e-05,0.0002070442407031128
21.058404139694176,5.0,26.11114149195781,-0.03,0.019703796374810678,0.030583890362764772,-0.0031131142975335197,-0.0007475100060549042
21.058404139694176,5.0,26.11114149195781,0.0,0.018124149612459513,0.028513693164829164,-0.003100699949373445,-0.0008051240935043602
21.058404139694176,5.0,26.11114149195781,0.03,0.016917381448180085,0.026777647088242356,-0.0030836815909944457,-0.000846830860930124
21.1483276483174,0.5,21.69155997293067,-0.03,-0.011576004624998679,-0.0018834554644107174,-0.00039874935221115965,0.00013023760711017464
21.1483276483174,0.5,21.69155997293067,0.0,-0.013314441583588597,-0.003391102548970005,-0.0004562151492567075,0.00017482991943997486
21.1483276483174,0.5,21.69155997293067,0.03,-0.015058363252481659,-0.004903506209519758,-0.0005077892882954043,0.0002256358796890269
21.1483276483174,2.0,23.164582920343705,-0.03,-0.00956338440162689,-0.000507734448883624,-0.00017952775438993744,0.0001459197329020806
21.1483276483174,2.0,23.164582920343705,0.0,-0.011051824346355994,-0.0017960840257145831,-0.0001692112824290076,0.00011386749047059305
21.1483276483174,2.0,23.164582920343705,0.03,-0.012544960269193533,-0.003088498302253606,-0.00015552684629654897,8.50495403376279e-05
21.1483276483174,5.0,26.203730919878872,-0.03,0.025302112232127017,0.03662176633041534,-0.0034246309466143317,-0.0015341858438748706
21.1483276483174,5.0,26.203730919878872,0.0,0.023219041579554223,0.034588813036797075,-0.003424558871904283,-0.0015855013692985924
21.1483276483174,5.0,26.203730919878872,0.03,0.021505179982230213,0.032618978224159115,-0.0034196209501094893,-0.001627338835409547
21.23722580336453,0.5,21.78517475442782,-0.03,-0.006717047107784705,0.0004545044679028845,-0.0001446228439474338,0.00013165719590012734
21.23722580336453,0.5,21.78517475442782,0.0,-0.008349856451051518,-0.0002492110540672915,-0.00019315007391706567,9.999542978501387e-05
21.23722580336453,0.5,21.78517475442782,0.03,-0.009987817253037507,-0.0009551467749090818,-0.0002364730123795847,0.00013893606615362003
21.23722580336453,2.0,23.25563431790063,-0.03,-0.005711829304767838,0.001488922095628658,-0.00043498720726040644,0.00017789209598780605
21.23722580336453,2.0,23.25563431790063,0.0,-0.007002689500595717,0.0008891199439040043,-0.000425045537890023,0.00016178896155228802
21.23722580336453,2.0,23.25563431790063,0.03,-0.008297622317050397,0.00028742543650597807,-0.00041434956894573433,0.0001463579562081214
21.23722580336453,5.0,26.29570513565428,-0.03,0.03157061572642667,0.0409769036694944,-0.005046255871844416,-0.0015786290331133005
21.23722580336453,5.0,26.29570513565428,0.0,0.029344874587006367,0.039895785346774085,-0.005039987568842176,-0.0016145057551126083
21.23722580336453,5.0,26.29570513565428,0.03,0.027368533532269732,0.03834641259670357,-0.005026928724592451,-0.00166184580700233
21.325201140193187,0.5,21.8768413641304,-0.03,-0.004234376708054811,0.0015284353484777934,-0.0001307725522369319,4.479573410723673e-05
21.325201140193187,0.5,21.8768413641304,0.0,-0.00495940982924652,0.0012281946200186633,-0.00012549917859576827,4.0720775555069245e-05
21.325201140193187,0.5,21.8768413641304,0.03,-0.005686730405620451,0.0009270066421303014,-0.00012002802454170908,4.584563927678667e-05
21.325201140193187,2.0,23.348326281179297,-0.03,-0.0036126879694075575,0.0020953556050441607,-0.0007829572864972252,-0.00019418136686898962
21.325201140193187,2.0,23.348326281179297,0.0,-0.004234110931621307,0.0019487813477695043,-0.0007782655520300849,-0.00018507451506228072
21.325201140193187,2.0,23.348326281179297,0.03,-0.00485749446244043,0.0018017446536287528,-0.000773515843714386,-0.00017516293957672114
21.325201140193187,5.0,26.388089492860125,-0.03,0.03626923085247932,0.04327403491594448,-0.006500631790445368,-0.0036140145684655806
21.325201140193187,5.0,26.388089492860125,0.0,0.03506381075874125,0.042781936588214824,-0.0064933693147001155,-0.003622430909920311
21.325201140193187,5.0,26.388089492860125,0.03,0.033528903313800755,0.041947196332946,-0.006479942502102552,-0.0036355998793734766
21.41563732560445,0.5,21.967482620256888,-0.03,-0.003354593157746985,0.0022057814148863097,-0.0001309558263324166,0.00016962606838553978
21.41563732560445,0.5,21.967482620256888,0.0,-0.003562923838688274,0.002008583197317136,-0.00012814408782192983,0.00016227240517038705
21.41563732560445,0.5,21.967482620256888,0.03,-0.003771911795941229,0.001810762825984892,-0.00012524533564679894,0.0001549736841183471
21.41563732560445,2.0,23.439992890881875,-0.03,-0.002629241822718599,0.002654105529828775,-0.0008336916910707177,-2.749523914262526e-06
21.41563732560445,2.0,23.439992890881875,0.0,-0.002900099764536569,0.002487330041042256,-0.0008282686727982281,-4.864028149611378e-06
21.41563732560445,2.0,23.439992890881875,0.03,-0.003171812254077328,0.002320028381181699,-0.0008227726534234686,-6.929311913419229e-06
21.41563732560445,5.0,26.48211441578772,-0.03,0.03848821903095473,0.0442584664199814,-0.007390536436980077,-0.0031781123123241525
21.41563732560445,5.0,26.48211441578772,0.0,0.038200890596322874,0.04416162073604392,-0.007388246342281,-0.0031799430262213022
21.41563732560445,5.0,26.48211441578772,0.03,0.037462896109236456,0.043778831868704404,-0.007379010995203886,-0.003186995443254469
21.50894450102878,0.5,22.060584724966,-0.03,-0.0029638058507529567,0.002305586312387385,-0.00019100150957017254,0.00015410586582051937
21.50894450102878,0.5,22.060584724966,0.0,-0.0030755117260140522,0.00231894535735434,-0.0001913244023258883,0.00015456156647738307
21.50894450102878,0.5,22.060584724966,0.03,-0.0031875700295653717,0.0023323465496601498,-0.0001916479551783338,0.0001550190634736224
21.50894450102878,2.0,23.531659500584453,-0.03,-0.002253779815999052,0.0029770262925219457,-0.0007005268151747903,-1.0581414437106828e-05
21.50894450102878,2.0,23.531659500584453,0.0,-0.0023488338633842597,0.002898475262985723,-0.0006984709989903199,-1.1563491399311739e-05
21.50894450102878,2.0,23.531659500584453,0.03,-0.002444187803101173,0.002819676407585653,-0.0006963962977839027,-1.2536267790566472e-05
21.50894450102878,5.0,26.57552412656965,-0.03,0.038743928389211854,0.04442719417915888,-0.007023519532246851,-0.004074019801131015
21.50894450102878,5.0,26.57552412656965,0.0,0.038801825159376524,0.0443944187186652,-0.007022795626018307,-0.004074211746370841
21.50894450102878,5.0,26.57552412656965,0.03,0.03874179429894502,0.04433321661176572,-0.007021438113480681,-0.004074564416958852
21.599995898585703,0.5,22.153789365032715,-0.03,-0.0031939170897918173,0.0020319626556658497,-0.00020225050960250848,8.119892447479853e-05
21.599995898585703,0.5,22.153789365032715,0.0,-0.0030957257096896618,0.0021466415111067554,-0.00020536690110773895,8.362251174164859e-05
21.599995898585703,0.5,22.153789365032715,0.03,-0.0029972245390762903,0.0022616821744906347,-0.00020846669763781753,8.608017243088445e-05
21.599995898585703,2.0,23.62486414065117,-0.03,-0.0022086854761114473,0.0030210539333043497,-0.0008711247634882036,-0.00010622491605589857
21.599995898585703,2.0,23.62486414065117,0.0,-0.0022159706500672165,0.0030302684117976993,-0.0008714517880489877,-0.00010617400678937214
21.599995898585703,2.0,23.62486414065117,0.03,-0.002223278808502517,0.003039511961661665,-0.0008717796737435879,-0.00010612276628811162
21.599995898585703,5.0,26.66555017055048,-0.03,0.03839055210115872,0.04411713067429716,-0.007222688205805734,-0.0037177642335231736
21.599995898585703,5.0,26.66555017055048,0.0,0.038510991845310434,0.044364077746468,-0.00722870961498443,-0.003715074107396908
21.599995898585703,5.0,26.66555017055048,0.03,0.038656997301783895,0.04443072849857312,-0.007230313885386032,-0.0037143271436860274
21.69155997293067,0.5,22.244943297947245,-0.03,-0.0032308347238560057,0.001995240281508825,-0.00020657698585362937,8.88925251166473e-05
21.69155997293067,0.5,22.244943297947245,0.0,-0.003241121282653296,0.002001441814088765,-0.0002067522352488562,8.903324330937804e-05
21.69155997293067,0.5,22.244943297947245,0.03,-0.00325144029519861,0.002007662912296017,-0.00020692796026764153,8.917448274569379e-05
21.69155997293067,2.0,23.716838356426575,-0.03,-0.002211407229415247,0.0033351028238303294,-0.000897542712989957,-0.0001291118802063466
21.69155997293067,2.0,23.716838356426575,0.0,-0.0022187022881041026,0.0032367040747201684,-0.0008940141228370073,-0.00012905488035912778
21.69155997293067,2.0,23.716838356426575,0.03,-0.0022260203624584786,0.0031379948808565213,-0.0008904549437343067,-0.0001289975937393084
21.69155997293067,5.0,26.75701170953784,-0.03,0.03785928145356529,0.043535451674027684,-0.0077316562333339415,-0.0036663469934833104
21.69155997293067,5.0,26.75701170953784,0.0,0.038086485231775206,0.043672123414253056,-0.00773614306995292,-0.0036649598443814707
21.69155997293067,5.0,26.75701170953784,0.03,0.0382646483587542,0.04385898382076692,-0.007742217109659555,-0.0036630028503291242
21.78517475442782,0.5,22.336609907649823,-0.03,-0.003224679055357813,0.0022872117621926657,-0.00015847760907815452,4.19933722456442e-05
21.78517475442782,0.5,22.336609907649823,0.0,-0.0032349471139960203,0.0021857307906055726,-0.00015642334725007146,4.067512245135678e-05
21.78517475442782,0.5,22.336609907649823,0.03,-0.003245247568014868,0.002083929649956471,-0.00015434190994391495,3.937340797407759e-05
21.78517475442782,2.0,23.80696693576502,-0.03,-0.00190208098744858,0.0033410053507741968,-0.0006485164290837252,-0.0001715369065681557
21.78517475442782,2.0,23.80696693576502,0.0,-0.002017002386204448,0.003351228457208518,-0.0006487622243222734,-0.00017051850650134153
21.78517475442782,2.0,23.80696693576502,0.03,-0.00213228635811933,0.003361483817200802,-0.0006490085850225112,-0.00016947035442698309
21.78517475442782,5.0,26.85247212747196,-0.03,0.037268386780779185,0.04297620578636696,-0.007203704444474884,-0.004354760417297875
21.78517475442782,5.0,26.85247212747196,0.0,0.03738528595311401,0.04321955310091445,-0.007211307596947666,-0.004355778645422586
21.78517475442782,5.0,26.85247212747196,0.03,0.0375917044329561,0.04337451767353931,-0.00721608759154002,-0.004357509875801101
21.8768413641304,0.5,22.42930187092849,-0.03,-0.002927473331578275,0.002333171484973546,-0.00012558141292732966,2.1242197283446123e-06
21.8768413641304,0.5,22.42930187092849,0.0,-0.0030454066278292787,0.002340438090322968,-0.00012568894910833687,2.1683941106148844e-06
21.8768413641304,0.5,22.42930187092849,0.03,-0.003163711999674866,0.0023477276215685752,-0.00012579671845497632,2.212813968992283e-06
21.8768413641304,2.0,23.897915797964338,-0.03,-0.0015830016440231617,0.004586137448574151,-0.0005637463587031718,-0.00017489145094944027
21.8768413641304,2.0,23.897915797964338,0.0,-0.001697247861149883,0.004164566553129252,-0.0005569052015823366,-0.000173970963501551
21.8768413641304,2.0,23.897915797964338,0.03,-0.0018118545212602224,0.003741665615647257,-0.000549685332910392,-0.00017302134388271666
21.8768413641304,5.0,26.943933666459323,-0.03,0.03703849088855391,0.04257176276520298,-0.006985285198864842,-0.004409688354246085
21.8768413641304,5.0,26.943933666459323,0.0,0.03704597683163266,0.042596705995485526,-0.0069860506869359506,-0.0044097617497142385
21.8768413641304,5.0,26.943933666459323,0.03,0.037146180822678565,0.042721818586403906,-0.0069898715198347785,-0.004410733402615662
21.967482620256888,0.5,22.520865945273464,-0.03,-0.002889002887018797,0.002889642174488994,-0.00016543219433130696,-4.666839478830882e-06
21.967482620256888,0.5,22.520865945273464,0.0,-0.0028982133862746028,0.002687741576815981,-0.00016177505999019588,-4.5949438078336465e-06
21.967482620256888,0.5,22.520865945273464,0.03,-0.002907452944346675,0.002485203989528364,-0.00015802447357869754,-4.522650838029409e-06
21.967482620256888,2.0,23.98999254909735,-0.03,1.9097879701817505e-05,0.00932010795364312,-0.0007786894631852544,-0.0002492185011012635
21.967482620256888,2.0,23.98999254909735,0.0,-0.0005316242241513273,0.007720244121932007,-0.0007559116367878941,-0.00024363446794267572
21.967482620256888,2.0,23.98999254909735,0.03,-0.0010840838377728125,0.006115332773485801,-0.0007279185670562869,-0.00023742335400135154
21.967482620256888,5.0,27.03611295294995,-0.03,0.03683512083875355,0.04252653409261419,-0.007707351719405815,-0.005692799234125373
21.967482620256888,5.0,27.03611295294995,0.0,0.03695065097011024,0.04259633268415611,-0.007710055274368899,-0.005696219554372166
21.967482620256888,5.0,27.03611295294995,0.03,0.03703053744753366,0.042579936488946285,-0.007709421065302759,-0.005698569017455204
22.060584724966,0.5,22.612737625691267,-0.03,-0.002328506908378708,0.002975591927691798,-0.00016501756571518612,8.827069524958831e-05
22.060584724966,0.5,22.612737625691267,0.0,-0.0025468836097702167,0.002984884229920574,-0.00016518434937759516,8.846447635915098e-05
22.060584724966,0.5,22.612737625691267,0.03,-0.0027659492823310025,0.0029942058490512492,-0.0001653514857249804,8.865904235350099e-05
22.060584724966,2.0,24.081351552727103,-0.03,0.004157960507238575,0.013669604152137058,-0.0007660709410728793,0.0002661432975669735
22.060584724966,2.0,24.081351552727103,0.0,0.0027559125147154136,0.01227468109484418,-0.0007601507799491986,0.00021941475213212676
22.060584724966,2.0,24.081351552727103,0.03,0.0013494411077957374,0.010875357102086484,-0.0007503018839768864,0.00017644883664237647
22.060584724966,5.0,27.129317593016665,-0.03,0.03661812848195113,0.04233292016239153,-0.007919924879439535,-0.0049876665936016305
22.060584724966,5.0,27.129317593016665,0.0,0.03666928568706193,0.04235719167205916,-0.007920998409420189,-0.0049890804192494346
22.060584724966,5.0,27.129317593016665,0.03,0.036745794228601844,0.042411203723299346,-0.007923383136656623,-0.004991185109273913
22.153789365032715,0.5,22.70655747790364,-0.03,-0.0016800674735976768,0.003546628500241233,-0.00016894251340310437,5.367098791018408e-05
22.153789365032715,0.5,22.70655747790364,0.0,-0.0018963992084025509,0.003346786815948283,-0.00016540229091624244,5.0759617946731484e-05
22.153789365032715,0.5,22.70655747790364,0.03,-0.0021134134625757192,0.003146314637843378,-0.0001617706473542405,4.7919314500601803e-05
22.153789365032715,2.0,24.17250548564164,-0.03,0.008927203014517542,0.01757236617174599,-0.0008444711444082145,0.0004381650283359877
22.153789365032715,2.0,24.17250548564164,0.0,0.0073870382082952156,0.01626508823885302,-0.0008425610653490552,0.0003831271427643755
22.153789365032715,2.0,24.17250548564164,0.03,0.005774039038155136,0.015011876255461406,-0.0008375211460338607,0.0003335743317126545
22.153789365032715,5.0,27.221291808792067,-0.03,0.03643969271982202,0.04212476399217815,-0.007009558608276416,-0.0051328054811338435
22.153789365032715,5.0,27.221291808792067,0.0,0.03649032825554395,0.04230177590177723,-0.007016288973323819,-0.005134378189690234
22.153789365032715,5.0,27.221291808792067,0.03,0.036566319554936194,0.04234873091012778,-0.007018063785116108,-0.005136728810113521
22.244943297947245,0.5,22.798429158321436,-0.03,-0.0013176074773218749,0.003908748017847564,-0.00018876016438236365,4.6620516019321766e-05
22.244943297947245,0.5,22.798429158321436,0.0,-0.0014305445832333598,0.003812299888249257,-0.00018696414654060348,4.531272712836235e-05
22.244943297947245,0.5,22.798429158321436,0.03,-0.0015438380019264682,0.0037155474680366195,-0.00018514376970200447,4.4019504828091385e-05
22.244943297947245,2.0,24.26724815607249,-0.03,0.012472680264798567,0.018800457209614322,-0.001006030869955656,0.00033591529098652535
22.244943297947245,2.0,24.26724815607249,0.0,0.011494710012498105,0.01843150559775219,-0.0010048361686082348,0.0003211660538887028
22.244943297947245,2.0,24.26724815607249,0.03,0.010323339653026542,0.018050302732080137,-0.0010033158354681069,0.00030621302079321427
22.244943297947245,5.0,27.311830529560943,-0.03,0.036093797595353354,0.041616191320043724,-0.006877880842141744,-0.0033497872657134546
22.244943297947245,5.0,27.311830529560943,0.0,0.03620698978180678,0.04174680647349634,-0.006882703556618865,-0.0033485469858873162
22.244943297947245,5.0,27.311830529560943,0.03,0.03634889596412714,0.041905729698317004,-0.00688852547806236,-0.003346991887274001
22.336609907649823,0.5,22.889378020520752,-0.03,-0.0015745911300802523,0.0039217099896173,-0.00015611845353808302,5.2490875265883826e-05
22.336609907649823,0.5,22.889378020520752,0.0,-0.0014771722176020186,0.003933990740522638,-0.00015629051699649448,5.266935886931301e-05
22.336609907649823,0.5,22.889378020520752,0.03,-0.0013794459517220102,0.0039463102367852144,-0.00015646282024669344,5.284870864517815e-05
22.336609907649823,2.0,24.361478149715296,-0.03,0.013021834963637582,0.018650804944857706,-0.0011409567868461792,-0.00020747998882218114
22.336609907649823,2.0,24.361478149715296,0.0,0.012940711147441978,0.018674885374444734,-0.0011411398176785553,-0.0002069721758765767
22.336609907649823,2.0,24.361478149715296,0.03,0.012742723763687357,0.018733484442863393,-0.0011415803732739893,-0.00020573158198644334
22.336609907649823,5.0,27.40226671497221,-0.03,0.03556164451422222,0.041249948368861505,-0.006449216101298524,-0.0032431044969274043
22.336609907649823,5.0,27.40226671497221,0.0,0.03573696178882915,0.041379408892185415,-0.006453279165541138,-0.0032417864102634013
22.336609907649823,5.0,27.40226671497221,0.03,0.03593805343676454,0.041484056605912145,-0.006456538991266613,-0.003240696453328203
22.42930187092849,0.5,22.98176237772659,-0.03,-0.0016244609359264443,0.003634843317966376,-0.00014937587878272992,1.9979493867527558e-05
22.42930187092849,0.5,22.98176237772659,0.0,-0.0016296781178345657,0.003748701181857883,-0.00015106552926969085,2.1086902466211063e-05
22.42930187092849,0.5,22.98176237772659,0.03,-0.0016349117597766263,0.0038629182634915687,-0.0001527344604926014,2.2223854956556374e-05
22.42930187092849,2.0,24.453247294775487,-0.03,0.0128098071112944,0.018263045550952015,-0.0010800495646168778,-0.0003875759749784407
22.42930187092849,2.0,24.453247294775487,0.0,0.012903523846242316,0.018382961675867296,-0.0010809725090193231,-0.00038582048210998143
22.42930187092849,2.0,24.453247294775487,0.03,0.012943918318164882,0.018528454206099283,-0.0010820536893700668,-0.0003836519525832014
22.42930187092849,5.0,27.49352318324436,-0.03,0.035174320446955884,0.040712912906466114,-0.005927063797748124,-0.00341033296515155
22.42930187092849,5.0,27.49352318324436,0.0,0.03528461271455146,0.040904492024286136,-0.005932393184527871,-0.0034088802366393474
22.42930187092849,5.0,27.49352318324436,0.03,0.03542046536375729,0.041071463154593146,-0.005936978153776683,-0.0034075542409090177
22.520865945273464,0.5,23.074146734932437,-0.03,-0.0019081530745222865,0.003589003239309145,-0.0001544648875809178,-9.075014476965105e-06
22.520865945273464,0.5,23.074146734932437,0.0,-0.0018117921392782391,0.0036002342274837145,-0.00015464426922677787,-9.811810899803114e-06
22.520865945273464,0.5,23.074146734932437,0.03,-0.0017151271885151066,0.0036115006490493374,-0.0001548239633504127,-1.0532273052878695e-05
22.520865945273464,2.0,24.54552911662372,-0.03,0.012126305943878637,0.018082224967562135,-0.001077929358195732,-0.0004152830907290541
22.520865945273464,2.0,24.54552911662372,0.0,0.012354587834339415,0.018113724952786178,-0.0010781911190350466,-0.0004148641294947198
22.520865945273464,2.0,24.54552911662372,0.03,0.012589495731842983,0.018170558571832206,-0.0010786583788055589,-0.0004141032014189582
22.520865945273464,5.0,27.585292328304547,-0.03,0.03479995100280323,0.04048420301964729,-0.0059153759342746755,-0.00341195482146875
22.520865945273464,5.0,27.585292328304547,0.0,0.034864186831034226,0.040502561069629885,-0.005915904901367761,-0.003411827104917917
22.520865945273464,5.0,27.585292328304547,0.03,0.0350135576979072,0.04055548621874807,-0.005917426108869097,-0.0034114551331430845
22.612737625691267,0.5,23.164582920343705,-0.03,-0.001950305545176216,0.0033038135801325176,-0.00012640874144674826,3.250368437047615e-05
22.612737625691267,0.5,23.164582920343705,0.0,-0.00195655065497995,0.0034166337775010398,-0.0001278606347363556,3.380633777617625e-05
22.612737625691267,0.5,23.164582920343705,0.03,-0.001962815467895675,0.003529809918808663,-0.00012929153130703926,3.513867840324591e-05
22.612737625691267,2.0,24.637913473829563,-0.03,0.011986026745699693,0.017734599094941284,-0.0011518351371682177,-0.0004730473153845882
22.612737625691267,2.0,24.637913473829563,0.0,0.012017351577674348,0.01781509685291691,-0.00115277214349141,-0.0004722279004277008
22.612737625691267,2.0,24.637913473829563,0.03,0.01205495003288312,0.01795878627183091,-0.0011544124971728715,-0.0004707330220300367
22.612737625691267,5.0,27.677164008722343,-0.03,0.034592584698938195,0.04012229870429186,-0.006018713774009264,-0.004605465127779584
22.612737625691267,5.0,27.677164008722343,0.0,0.03470104158881263,0.040312013059136634,-0.006024624639390213,-0.0046084733475495465
22.612737625691267,5.0,27.677164008722343,0.03,0.03477729471868869,0.04041939700521529,-0.006027938460746851,-0.004610574261456116
22.70655747790364,0.5,23.25563431790063,-0.03,-0.002544725072531343,0.002978704406343187,-5.496922903090646e-05,9.836879984242125e-05
22.70655747790364,0.5,23.25563431790063,0.0,-0.0023418070842873596,0.003090608464685278,-5.533190050194718e-05,0.00010101166159381185
22.70655747790364,0.5,23.25563431790063,0.03,-0.0021382488965956334,0.0032028655765785653,-5.5670552503747045e-05,0.0001036880251709649
22.70655747790364,2.0,24.72947754817453,-0.03,0.012000753664060865,0.01786397183071592,-0.0009183350952047417,-0.00017620264757471976
22.70655747790364,2.0,24.72947754817453,0.0,0.011974355452779799,0.01765681962356442,-0.0009172657332149536,-0.00018021911336944636
22.70655747790364,2.0,24.72947754817453,0.03,0.011991018831514441,0.017691410986187435,-0.0009174502700064481,-0.00017955439194857856
22.70655747790364,5.0,27.76872808306731,-0.03,0.03406116928738883,0.039566980156141685,-0.005504555314044949,-0.003852899586557724
22.70655747790364,5.0,27.76872808306731,0.0,0.034231824940331515,0.03975500645772924,-0.0055099017451705696,-0.0038565462744444695
22.70655747790364,5.0,27.76872808306731,0.03,0.034428210120219516,0.03991843486190909,-0.005514491310059997,-0.0038606706872578236
22.798429158321436,0.5,23.348326281179297,-0.03,-0.0028823789273234217,0.0023555713053651757,-7.092498637399671e-05,6.640558322612215e-05
22.798429158321436,0.5,23.348326281179297,0.0,-0.0027889753611696454,0.002573940593510916,-7.269596644890704e-05,7.052126534265616e-05
22.798429158321436,0.5,23.348326281179297,0.03,-0.002695277109897084,0.002792998829437402,-7.437671180479213e-05,7.4745754400011e-05
22.798429158321436,2.0,24.820528945731454,-0.03,0.01269125013381079,0.019764500932946093,-0.0007681003608851657,-8.69814241760577e-05
22.798429158321436,2.0,24.820528945731454,0.0,0.012408653311040333,0.019120214231032263,-0.0007681003608851657,-0.00010268297342522494
22.798429158321436,2.0,24.820528945731454,0.03,0.012207347515244738,0.018502721494289998,-0.0007681003608851657,-0.0001169524023634253
22.798429158321436,5.0,27.85977948062424,-0.03,0.03351967966480809,0.03918095507557323,-0.005206286798603656,-0.0036981455391023915
22.798429158321436,5.0,27.85977948062424,0.0,0.033688631281641776,0.03925916508283975,-0.005208315819041509,-0.003701547150687118
22.798429158321436,5.0,27.85977948062424,0.03,0.03388332756912032,0.039371216542167735,-0.005211201477078711,-0.003705396295390022
22.889378020520752,0.5,23.439992890881875,-0.03,-0.002906085759994852,0.0023164922964928002,-7.52901723963465e-05,4.176389149834879e-05
22.889378020520752,0.5,23.439992890881875,0.0,-0.002915347292899959,0.0023237078222084926,-7.535719327565517e-05,4.186083604693514e-05
22.889378020520752,0.5,23.439992890881875,0.03,-0.002924638045630791,0.002330946112665832,-7.542432098267078e-05,4.1958191073240895e-05
22.889378020520752,2.0,24.912093020076423,-0.03,0.014504119364471636,0.02188278075133511,-0.0007681003608851656,-0.000181660942634577
22.889378020520752,2.0,24.912093020076423,0.0,0.01393280889435623,0.02118429645329393,-0.0007681003608851656,-0.00019844964929626385
22.889378020520752,2.0,24.912093020076423,0.03,0.013318902342697836,0.020483679554038688,-0.0007681003608851656,-0.0002143093810290658
22.889378020520752,5.0,27.95031820139312,-0.03,0.03331952439057042,0.038993672359780115,-0.005039632495084474,-0.0036654934486850285
22.889378020520752,5.0,27.95031820139312,0.0,0.033315360461369556,0.03911601292075886,-0.005042517573390659,-0.0036654186620948747
22.889378020520752,5.0,27.95031820139312,0.03,0.03339828473562393,0.03915163812159232,-0.0050433520718936135,-0.003666901499144088
22.98176237772659,0.5,23.531659500584453,-0.03,-0.002902955302806643,0.0023194991441030342,-7.020195779912868e-05,6.481220980008953e-05
22.98176237772659,0.5,23.531659500584453,0.0,-0.0029122068415503542,0.0023267242739960226,-7.026332100356527e-05,6.494561711182977e-05
22.98176237772659,0.5,23.531659500584453,0.03,-0.0029214875685885325,0.0023339721989315276,-7.032477290723913e-05,6.507955021877975e-05
22.98176237772659,2.0,25.003964700494222,-0.03,0.01645593510359093,0.023627280140805774,-0.0010367650761702084,-9.480291670711804e-06
22.98176237772659,2.0,25.003964700494222,0.0,0.015759398294404973,0.02309027938347905,-0.0010367650761702084,-2.610970166332311e-05
22.98176237772659,2.0,25.003964700494222,0.03,0.015151752905980243,0.022505762679037623,-0.0010367615722804491,-4.3555001815114925e-05
22.98176237772659,5.0,28.040651851446786,-0.03,0.0331528885686556,0.0386557056473025,-0.004649279926547723,-0.0023592407102004482
22.98176237772659,5.0,28.040651851446786,0.0,0.03325680310214602,0.03877698138413038,-0.004651551446490173,-0.0023574874665537515
22.98176237772659,5.0,28.040651851446786,0.03,0.03332365494457427,0.03887029600201143,-0.0046532792244035415,-0.0023561184232380235
23.074146734932437,0.5,23.62486414065117,-0.03,-0.002899292433595581,0.002322176648998312,-7.765812529305034e-05,3.8856233527131655e-05
23.074146734932437,0.5,23.62486414065117,0.0,-0.0029085325505935657,0.002329410091845674,-7.773498368014473e-05,3.8950234184605205e-05
23.074146734932437,0.5,23.62486414065117,0.03,-0.0029178018198508064,0.0023366663559626424,-7.781197941173211e-05,3.904463655214148e-05
23.074146734932437,2.0,25.09716934056094,-0.03,0.018970968627617803,0.02473972581950636,-0.0009798148265555682,2.1170031049423926e-05
23.074146734932437,2.0,25.09716934056094,0.0,0.01841563247159192,0.02439075850694198,-0.0009798148265555682,9.638620851814205e-06
23.074146734932437,2.0,25.09716934056094,0.03,0.017487103391808926,0.02402902348769101,-0.0009798148265555682,-2.0576044382928987e-06
23.074146734932437,5.0,28.131293107573264,-0.03,0.03281579806540997,0.038316592436380935,-0.003942197502170872,-0.0022692874108825463
23.074146734932437,5.0,28.131293107573264,0.0,0.03291864926768926,0.03843679846042281,-0.003943440961570652,-0.0022675052032857575
23.074146734932437,5.0,28.131293107573264,0.03,0.03304703377640824,0.03853217491609351,-0.0039444070124482755,-0.00226607056421067
23.164582920343705,0.5,23.716838356426575,-0.03,-0.0028959972868363403,0.0026423219241332343,-0.00011676686265740261,7.998664076550531e-06
23.164582920343705,0.5,23.716838356426575,0.0,-0.0029052284999797912,0.0025419611787358184,-0.00011515581057691791,7.339438388328442e-06
23.164582920343705,0.5,23.716838356426575,0.03,-0.0029144888372911355,0.002441283798552421,-0.00011351943568934785,6.735873494249929e-06
23.164582920343705,2.0,25.189963839197222,-0.03,0.019765269297438978,0.025594602257829793,-0.001311788592010989,-0.00030246619443811983
23.164582920343705,2.0,25.189963839197222,0.0,0.019528281874034593,0.025259128331367196,-0.0013109535123225192,-0.00031075612044773184
23.164582920343705,2.0,25.189963839197222,0.03,0.019262534567029407,0.02501146165274192,-0.0013101925826474396,-0.00031673180925597457
23.164582920343705,5.0,28.223164787991067,-0.03,0.03232876740172999,0.037826870821011084,-0.004367329890844446,-0.002465682966312571
23.164582920343705,5.0,28.223164787991067,0.0,0.032538443424210986,0.0380538931753923,-0.004370999170418038,-0.002462991541442268
23.164582920343705,5.0,28.223164787991067,0.03,0.032706930862551734,0.03818934744772243,-0.004373139369446513,-0.0024613365873709402
23.25563431790063,0.5,23.80696693576502,-0.03,-0.0025807803153778024,0.002940373354923321,-0.00010104097723044906,3.513480957199117e-05
23.25563431790063,0.5,23.80696693576502,0.0,-0.0026976207904996076,0.0028472138578488444,-9.99398169532746e-05,3.403553768470029e-05
23.25563431790063,0.5,23.80696693576502,0.03,-0.002814829893401994,0.0027537604456853524,-9.881774293923295e-05,3.295023724459295e-05
23.25563431790063,2.0,25.28337354997916,-0.03,0.020627213964719202,0.02696927086538633,-0.0015755974867610113,-0.0007375083403897214
23.25563431790063,2.0,25.28337354997916,0.0,0.020323275659162296,0.026501597298353725,-0.0015723923749588241,-0.0007442477976437971
23.25563431790063,2.0,25.28337354997916,0.03,0.02005978768712301,0.026060864062537333,-0.001568971528520732,-0.0007501986634595658
23.25563431790063,5.0,28.31493393305125,-0.03,0.031816076926543806,0.037489878014315296,-0.004469357526422533,-0.002613814272562223
23.25563431790063,5.0,28.31493393305125,0.0,0.031915773094311456,0.03754372464938884,-0.004470349708528614,-0.0026133062996176815
23.25563431790063,5.0,28.31493393305125,0.03,0.03210746916622501,0.03763895592007375,-0.0044720902501326435,-0.002612393719601395
23.348326281179297,0.5,23.897915797964338,-0.03,-0.0019658212419005443,0.004212662156885379,-5.73040086769993e-05,9.633123120289061e-05
23.348326281179297,0.5,23.897915797964338,0.0,-0.002183412412994707,0.0037901353414014384,-5.6542718497455375e-05,8.753306708452472e-05
23.348326281179297,0.5,23.897915797964338,0.03,-0.002401690076936417,0.0033662754679847397,-5.5420277118106926e-05,7.906589440824455e-05
23.348326281179297,2.0,25.37555283646978,-0.03,0.021979565993892964,0.02794767851094437,-0.001512109289762126,-0.000634998015465002
23.348326281179297,2.0,25.37555283646978,0.0,0.021555987421411446,0.027715862612983443,-0.001511244727961856,-0.0006391910551036417
23.348326281179297,2.0,25.37555283646978,0.03,0.021099316210638278,0.02736627456264238,-0.0015097376808066694,-0.0006453110820274241
23.348326281179297,5.0,28.406190401323396,-0.03,0.0316703530952368,0.03732372631570752,-0.0041916697640087455,-0.0029370107444988904
23.348326281179297,5.0,28.406190401323396,0.0,0.03170582862115155,0.0373321950953526,-0.004191806727135769,-0.0029374042703467123
23.348326281179297,5.0,28.406190401323396,0.03,0.03176665281133224,0.03738279524353362,-0.004192622079820127,-0.002938073128601683
23.439992890881875,0.5,23.98999254909735,-0.03,-0.00034061011985835055,0.008727337102105687,-7.221822095224509e-05,0.00019210428714653945
23.439992890881875,0.5,23.98999254909735,0.0,-0.0008922424038599087,0.007213520164076424,-7.221822095224509e-05,0.00015135135506222721
23.439992890881875,0.5,23.98999254909735,0.03,-0.0014456150692176255,0.005694927184375927,-7.220204922210652e-05,0.00011507484525654171
23.439992890881875,2.0,25.46814226439084,-0.03,0.022932439636277124,0.028457226706780154,-0.0017832251774491947,-0.000659626493731046
23.439992890881875,2.0,25.46814226439084,0.0,0.022758936952856614,0.02821798565786435,-0.0017808194896299207,-0.0006639420998325537
23.439992890881875,2.0,25.46814226439084,0.03,0.022394370533750256,0.02808866501800157,-0.001779471443598631,-0.0006662272180700233
23.439992890881875,5.0,28.49857475852924,-0.03,0.031507077530665985,0.037170048906377505,-0.004440942405262214,-0.003020178188695935
23.439992890881875,5.0,28.49857475852924,0.0,0.031497195633214264,0.037286636237327773,-0.004443416164406181,-0.003020043587853249
23.439992890881875,5.0,28.49857475852924,0.03,0.03157623702032404,0.03731463693578069,-0.0044440062368591,-0.0030211147402657186
23.531659500584453,0.5,24.081351552727103,-0.03,0.003574312891661831,0.013038187292571621,-8.00407879635595e-05,0.0003873094432036362
23.531659500584453,0.5,24.081351552727103,0.0,0.0022583564334919745,0.011641496628536769,-8.00407879635595e-05,0.00033256687674553556
23.531659500584453,0.5,24.081351552727103,0.03,0.0009382481768292796,0.01024039945229712,-8.00407879635595e-05,0.0002815715719688645
23.531659500584453,2.0,25.56134690445756,-0.03,0.023444825939415534,0.029302186974795686,-0.001893393219757493,-0.0007117189463533961
23.531659500584453,2.0,25.56134690445756,0.0,0.023238249022368068,0.028954867121049263,-0.001889460760020925,-0.0007178550935964313
23.531659500584453,2.0,25.56134690445756,0.03,0.023093382440784318,0.028719106909429852,-0.0018866539449910761,-0.0007218828343416666
23.531659500584453,5.0,28.591061651092687,-0.03,0.03166717191033564,0.037470558460164345,-0.004596686170234381,-0.0032375991308662712
23.531659500584453,5.0,28.591061651092687,0.0,0.03154836887300898,0.037152042249119575,-0.0045890086268465784,-0.00323543027072713
23.531659500584453,5.0,28.591061651092687,0.03,0.03151777010542353,0.03704423694375563,-0.004586364118352395,-0.0032348670902038615
23.62486414065117,0.5,24.17250548564164,-0.03,0.008077795624587356,0.016714787677676698,-0.00016854124045202984,0.0006904911756289156
23.62486414065117,0.5,24.17250548564164,0.0,0.006622838210854182,0.015492691357713374,-0.00016854124045202984,0.0006240988106517296
23.62486414065117,0.5,24.17250548564164,0.03,0.005095315259669005,0.014324929732383498,-0.00016854124045202984,0.0005634490504967725
23.62486414065117,2.0,25.65229576665687,-0.03,0.024267734887114083,0.030367505804420325,-0.0015846197572726912,-0.00047141214903867294
23.62486414065117,2.0,25.65229576665687,0.0,0.023957571630438712,0.02999814926393392,-0.001583683672524473,-0.00048045836401446805
23.62486414065117,2.0,25.65229576665687,0.03,0.023705550784271428,0.029656092818945178,-0.0015825734328200121,-0.0004885926064895069
23.62486414065117,5.0,28.68231811936483,-0.03,0.03231885836586991,0.038618125209094877,-0.0040809456305790975,-0.0017605299859421854
23.62486414065117,5.0,28.68231811936483,0.0,0.03198309862523133,0.03819298148028978,-0.004074181103276509,-0.0017693332715597652
23.62486414065117,5.0,28.68231811936483,0.03,0.03179049020331666,0.03780128628102467,-0.004067628828788775,-0.001777123999616195
23.716838356426575,0.5,24.26724815607249,-0.03,0.011297147512428083,0.01791618469785259,-0.000180338049695485,0.0006503784963767523
23.716838356426575,0.5,24.26724815607249,0.0,0.010418197439845287,0.01754466799548057,-0.00018038544066037551,0.0006309967271829838
23.716838356426575,0.5,24.26724815607249,0.03,0.009346159665437608,0.01716089194652411,-0.00018038544066037551,0.0006112652596319041
23.716838356426575,2.0,25.74273195206814,-0.03,0.025059611770907677,0.03133546410867004,-0.0012487590943921155,-0.00041443971988784785
23.716838356426575,2.0,25.74273195206814,0.0,0.024820994865225193,0.031051583957040947,-0.0012487590943921155,-0.0004221698156393255
23.716838356426575,2.0,25.74273195206814,0.03,0.02455006844987577,0.03071252218613519,-0.0012487590943921155,-0.00043119129871651055
23.716838356426575,5.0,28.77347205227936,-0.03,0.03327571012373282,0.040093858565212644,-0.0038346670839777565,-0.0017315863733295622
23.716838356426575,5.0,28.77347205227936,0.0,0.0328967479770647,0.039563120805538136,-0.0038293278962248482,-0.0017438902892236874
23.716838356426575,5.0,28.77347205227936,0.03,0.03260663245800518,0.03905817943723517,-0.0038237252612752528,-0.0017550732187722876
23.80696693576502,0.5,24.361478149715296,-0.03,0.012077499317897847,0.01747968878269702,-0.0003709569054619699,0.00015866823864489965
23.80696693576502,0.5,24.361478149715296,0.0,0.011905817491053863,0.017602757877101,-0.0003709569054619699,0.0001620969317661442
23.80696693576502,0.5,24.361478149715296,0.03,0.011616986389164273,0.017760657916254363,-0.0003709569054619699,0.0001665403766918411
23.80696693576502,2.0,25.834603632485937,-0.03,0.025930267987688733,0.031633260542850226,-0.001585791574026818,-0.0006389294222524681
23.80696693576502,2.0,25.834603632485937,0.0,0.02578432884044544,0.03163932720655349,-0.001585791574026818,-0.000638791647943774
23.80696693576502,2.0,25.834603632485937,0.03,0.025428978906837915,0.03149931960346334,-0.001585791574026818,-0.0006419524765373007
23.80696693576502,5.0,28.865343732697163,-0.03,0.034744790401069155,0.04106637634865466,-0.004388355371864928,-0.0020920213257001885
23.80696693576502,5.0,28.865343732697163,0.0,0.034198169101897616,0.040931325281574185,-0.004386502629672991,-0.002094750389475535
23.80696693576502,5.0,28.865343732697163,0.03,0.03373783666007957,0.04059887081573089,-0.004381786320150963,-0.002101313086394407
23.897915797964338,0.5,24.453247294775487,-0.03,0.01073131473921537,0.017027984776010134,-0.0004764446230348984,1.0527942335551092e-05
23.897915797964338,0.5,24.453247294775487,0.0,0.011229739186593951,0.017159180939232552,-0.00047703668379413613,1.3151844407246121e-05
23.897915797964338,0.5,24.453247294775487,0.03,0.011676118210207384,0.017315989095914225,-0.0004776991646798551,1.6333143637417086e-05
23.897915797964338,2.0,25.927090525049397,-0.03,0.025310889589903806,0.03170296836012872,-0.001766986189710213,-0.0009833047886371603
23.897915797964338,2.0,25.927090525049397,0.0,0.025552798254778186,0.03147461929582331,-0.0017662261276890374,-0.0009865808485943635
23.897915797964338,2.0,25.927090525049397,0.03,0.02576767414970309,0.031552865064482294,-0.001766498314418125,-0.000985470023452742
23.897915797964338,5.0,28.95701034239974,-0.03,0.03513167216665414,0.04134689306461668,-0.004448558281728533,-0.0033328842989345975
23.897915797964338,5.0,28.95701034239974,0.0,0.0351711956411748,0.041322837245348805,-0.004448231925107199,-0.0033333753019657397
23.897915797964338,5.0,28.95701034239974,0.03,0.03509477583434471,0.04120984631514617,-0.004446683532881429,-0.0033324231134737974
23.98999254909735,0.5,24.54552911662372,-0.03,0.006029243341182952,0.01536978292524615,-0.0004332922555826677,1.064450175226707e-05
23.98999254909735,0.5,24.54552911662372,0.0,0.007604634023353102,0.01591222135853701,-0.0004364245059897724,2.0808724591786265e-05
23.98999254909735,0.5,24.54552911662372,0.03,0.00919090079562645,0.01648160541931837,-0.00043907929691958754,3.211090917586105e-05
23.98999254909735,2.0,26.01896220546719,-0.03,0.02214298205060066,0.03173872794296349,-0.001730112063803043,-0.0009512863941634748
23.98999254909735,2.0,26.01896220546719,0.0,0.02316829759596848,0.03153238105400006,-0.0017295230627688647,-0.0009543446602841727
23.98999254909735,2.0,26.01896220546719,0.03,0.024268570731399534,0.031640337380671,-0.0017298418375322688,-0.0009527552620365565
